상담일자시간,ib/ob 구분,상담분류,상담시간,상담자,상담번호,상담결과,고객만족도,지역
2024-02-17 21:01:00,Outbound,기타문의,615,상담자15,16350,보류,4,경북
2024-02-05 19:10:00,Outbound,가입/해지,226,상담자7,67586,보류,3,인천
2024-02-03 02:21:00,Inbound,가입/해지,860,상담자34,79148,해결,1,대전
2024-02-26 21:30:00,Outbound,AS/장애,788,상담자29,88943,처리 중,4,전북
2024-02-03 19:35:00,Outbound,가입/해지,765,상담자49,79383,보류,4,인천
2024-02-01 09:19:00,Outbound,기타문의,401,상담자43,52788,보류,3,대전
2024-02-26 03:14:00,Outbound,비용/청구,463,상담자48,49626,해결,1,광주
2024-02-10 20:52:00,Outbound,기타문의,789,상담자42,31519,해결,5,대전
2024-02-20 18:48:00,Outbound,가입/해지,587,상담자41,50241,해결,3,대전
2024-02-10 15:54:00,Inbound,AS/장애,280,상담자47,88146,해결,4,충북
2024-02-13 16:22:00,Outbound,가입/해지,652,상담자5,62104,해결,4,부산
2024-02-18 15:54:00,Outbound,기타문의,670,상담자44,93606,보류,2,인천
2024-02-14 01:32:00,Outbound,기타문의,636,상담자19,79704,처리 중,2,경북
2024-02-16 13:29:00,Inbound,상품문의(요금제),317,상담자16,73412,보류,4,인천
2024-02-16 13:35:00,Inbound,가입/해지,863,상담자26,23022,보류,1,대전
2024-02-09 08:34:00,Inbound,AS/장애,565,상담자19,14708,해결,5,강원
2024-02-04 04:48:00,Outbound,상품문의(요금제),497,상담자50,30844,처리 중,2,제주
2024-02-12 23:46:00,Inbound,비용/청구,754,상담자39,11515,해결,1,경기
2024-02-17 02:44:00,Outbound,가입/해지,396,상담자37,62171,해결,5,경남
2024-02-21 17:56:00,Inbound,상품문의(요금제),542,상담자26,53971,보류,2,부산
2024-02-12 23:34:00,Inbound,비용/청구,361,상담자37,95795,보류,4,인천
2024-02-21 18:17:00,Inbound,기타문의,170,상담자50,46420,해결,3,부산
2024-02-18 08:04:00,Outbound,기타문의,485,상담자34,89189,보류,1,전남
2024-02-16 22:28:00,Inbound,상품문의(요금제),426,상담자15,99180,해결,3,울산
2024-02-05 17:40:00,Outbound,기타문의,511,상담자42,89075,해결,2,제주
2024-02-05 04:55:00,Inbound,비용/청구,450,상담자3,55571,보류,3,전북
2024-02-25 06:04:00,Inbound,가입/해지,696,상담자6,85572,해결,3,대구
2024-02-15 16:39:00,Outbound,AS/장애,214,상담자8,46396,처리 중,4,인천
2024-02-13 04:50:00,Outbound,상품문의(요금제),677,상담자12,58220,해결,2,인천
2024-02-17 07:09:00,Outbound,비용/청구,555,상담자22,16305,해결,4,경북
2024-02-26 00:36:00,Outbound,상품문의(요금제),877,상담자46,46663,해결,5,울산
2024-02-04 08:17:00,Inbound,기타문의,856,상담자25,58136,보류,4,충북
2024-02-14 03:19:00,Inbound,AS/장애,735,상담자32,39632,해결,2,부산
2024-02-10 10:12:00,Outbound,상품문의(요금제),119,상담자9,23905,해결,4,울산
2024-02-24 22:53:00,Outbound,AS/장애,558,상담자35,70722,해결,1,울산
2024-02-08 20:44:00,Outbound,비용/청구,551,상담자50,65820,해결,3,광주
2024-02-11 07:13:00,Inbound,AS/장애,766,상담자9,23623,해결,1,전남
2024-02-24 07:11:00,Inbound,상품문의(요금제),332,상담자26,70498,처리 중,1,강원
2024-02-02 07:24:00,Inbound,AS/장애,352,상담자8,33964,처리 중,2,경북
2024-02-08 21:35:00,Outbound,AS/장애,197,상담자20,55310,보류,5,충북
2024-02-15 08:04:00,Inbound,비용/청구,887,상담자44,63298,보류,1,경남
2024-02-25 21:47:00,Inbound,상품문의(요금제),71,상담자32,52613,보류,3,인천
2024-02-15 20:09:00,Outbound,비용/청구,653,상담자16,84083,처리 중,4,제주
2024-02-11 06:01:00,Inbound,비용/청구,611,상담자39,20364,보류,3,서울
2024-02-28 16:59:00,Inbound,가입/해지,419,상담자8,76862,보류,3,전북
2024-02-27 12:26:00,Outbound,기타문의,356,상담자10,20155,처리 중,4,인천
2024-02-28 13:56:00,Outbound,상품문의(요금제),724,상담자10,25304,해결,2,충북
2024-02-23 10:25:00,Inbound,기타문의,659,상담자32,88878,해결,4,전남
2024-02-07 12:51:00,Outbound,상품문의(요금제),692,상담자1,62651,보류,4,울산
2024-02-06 14:19:00,Inbound,AS/장애,567,상담자49,22502,처리 중,2,충남
2024-02-20 14:03:00,Inbound,가입/해지,428,상담자24,60590,해결,2,제주
2024-02-27 21:17:00,Outbound,AS/장애,383,상담자3,34162,보류,4,대구
2024-02-25 00:26:00,Inbound,AS/장애,830,상담자23,96495,해결,2,경기
2024-02-16 18:33:00,Inbound,AS/장애,374,상담자25,11607,해결,4,대전
2024-02-12 10:53:00,Outbound,기타문의,413,상담자27,61378,해결,2,부산
2024-02-20 21:56:00,Inbound,상품문의(요금제),824,상담자42,25499,해결,3,충북
2024-02-15 02:16:00,Outbound,AS/장애,665,상담자25,99299,해결,5,인천
2024-02-04 19:55:00,Inbound,비용/청구,400,상담자27,83964,보류,2,전북
2024-02-14 20:15:00,Outbound,AS/장애,302,상담자34,61339,해결,3,인천
2024-02-07 18:33:00,Inbound,비용/청구,294,상담자48,95487,처리 중,5,경북
2024-02-10 17:25:00,Outbound,상품문의(요금제),449,상담자35,22812,해결,3,부산
2024-02-23 19:45:00,Inbound,상품문의(요금제),350,상담자41,69570,처리 중,2,광주
2024-02-28 05:06:00,Outbound,AS/장애,640,상담자45,46413,보류,1,경남
2024-02-27 01:55:00,Outbound,가입/해지,125,상담자4,96541,보류,5,대전
2024-02-26 23:34:00,Outbound,AS/장애,871,상담자16,49410,해결,4,울산
2024-02-27 02:05:00,Outbound,가입/해지,764,상담자3,47621,처리 중,1,광주
2024-02-21 14:04:00,Inbound,기타문의,138,상담자37,46634,보류,3,경남
2024-02-15 07:49:00,Outbound,상품문의(요금제),275,상담자14,97467,해결,2,경북
2024-02-01 15:47:00,Inbound,AS/장애,692,상담자28,36152,보류,1,전북
2024-02-24 17:09:00,Outbound,비용/청구,349,상담자21,32031,해결,1,충북
2024-02-02 23:04:00,Outbound,기타문의,462,상담자4,35529,보류,3,강원
2024-02-28 09:04:00,Outbound,가입/해지,562,상담자25,82406,처리 중,3,인천
2024-02-17 15:53:00,Inbound,가입/해지,759,상담자9,40776,처리 중,3,전남
2024-02-16 06:46:00,Outbound,상품문의(요금제),662,상담자17,39548,보류,3,대전
2024-02-08 08:12:00,Inbound,기타문의,476,상담자48,95222,처리 중,3,부산
2024-02-21 18:04:00,Outbound,비용/청구,71,상담자44,28042,처리 중,5,경북
2024-02-20 14:38:00,Outbound,AS/장애,618,상담자25,18822,처리 중,4,경기
2024-02-06 11:47:00,Inbound,기타문의,746,상담자2,94790,보류,5,울산
2024-02-08 20:04:00,Outbound,상품문의(요금제),360,상담자23,62167,처리 중,2,인천
2024-02-16 14:32:00,Outbound,기타문의,592,상담자23,36579,처리 중,2,광주
2024-02-07 12:48:00,Outbound,가입/해지,459,상담자9,19128,해결,2,경남
2024-01-31 06:12:00,Inbound,AS/장애,327,상담자17,39498,해결,4,대구
2024-02-02 20:32:00,Outbound,가입/해지,405,상담자28,86661,보류,2,부산
2024-02-12 17:53:00,Inbound,비용/청구,778,상담자15,78399,처리 중,3,경남
2024-02-02 23:03:00,Outbound,가입/해지,159,상담자29,65355,처리 중,1,경남
2024-02-24 08:31:00,Outbound,가입/해지,706,상담자26,62120,보류,3,경남
2024-02-24 12:32:00,Inbound,가입/해지,421,상담자24,51447,해결,5,전북
2024-02-28 13:58:00,Inbound,AS/장애,699,상담자1,14495,보류,1,광주
2024-02-28 15:44:00,Inbound,상품문의(요금제),551,상담자2,38019,처리 중,1,전남
2024-02-15 02:17:00,Inbound,AS/장애,825,상담자11,48368,보류,5,울산
2024-02-21 13:48:00,Inbound,가입/해지,775,상담자38,67174,해결,3,경기
2024-02-17 23:20:00,Inbound,기타문의,661,상담자8,33357,해결,2,경기
2024-01-31 04:56:00,Inbound,AS/장애,471,상담자1,41646,처리 중,1,울산
2024-02-08 07:29:00,Outbound,상품문의(요금제),763,상담자6,34693,처리 중,1,경기
2024-02-15 07:15:00,Inbound,AS/장애,168,상담자24,74315,해결,1,전남
2024-02-10 07:43:00,Outbound,상품문의(요금제),408,상담자8,39543,보류,1,충남
2024-02-06 22:30:00,Inbound,비용/청구,365,상담자20,95201,처리 중,3,강원
2024-02-15 13:44:00,Outbound,AS/장애,869,상담자25,76903,처리 중,2,전북
2024-02-14 00:33:00,Inbound,비용/청구,392,상담자12,54274,보류,4,부산
2024-02-18 09:04:00,Inbound,AS/장애,277,상담자40,33718,처리 중,3,울산
2024-02-27 00:01:00,Inbound,AS/장애,315,상담자23,54679,해결,3,서울
2024-02-12 08:12:00,Outbound,비용/청구,98,상담자13,65646,보류,3,경기
2024-02-15 07:36:00,Outbound,비용/청구,445,상담자19,94193,처리 중,4,경남
2024-01-31 11:43:00,Inbound,상품문의(요금제),613,상담자37,94824,처리 중,4,강원
2024-02-18 18:01:00,Inbound,AS/장애,848,상담자20,20458,보류,1,대구
2024-02-07 07:16:00,Outbound,AS/장애,654,상담자11,40116,처리 중,4,경남
2024-02-23 02:58:00,Outbound,가입/해지,536,상담자6,65422,처리 중,3,제주
2024-02-28 12:57:00,Outbound,상품문의(요금제),293,상담자19,23040,해결,2,대구
2024-02-16 10:19:00,Outbound,기타문의,283,상담자19,39605,처리 중,2,충남
2024-02-26 12:11:00,Outbound,AS/장애,763,상담자12,61891,해결,4,충남
2024-02-20 23:43:00,Inbound,AS/장애,545,상담자18,53444,처리 중,5,경북
2024-02-01 22:38:00,Outbound,AS/장애,838,상담자35,94005,처리 중,3,대구
2024-02-14 05:59:00,Inbound,비용/청구,680,상담자44,15205,보류,2,충북
2024-02-12 17:05:00,Inbound,상품문의(요금제),477,상담자29,91332,보류,2,강원
2024-02-10 07:42:00,Inbound,기타문의,549,상담자9,82291,보류,5,경기
2024-02-28 07:00:00,Inbound,AS/장애,654,상담자28,30053,해결,1,인천
2024-02-12 09:13:00,Outbound,상품문의(요금제),408,상담자18,75997,보류,1,충북
2024-02-11 11:02:00,Inbound,상품문의(요금제),72,상담자14,65291,해결,3,전북
2024-02-27 13:38:00,Outbound,상품문의(요금제),593,상담자5,90939,해결,5,충북
2024-02-13 12:32:00,Outbound,기타문의,813,상담자10,17874,처리 중,3,강원
2024-02-14 10:14:00,Outbound,기타문의,737,상담자14,89943,처리 중,1,대전
2024-02-15 18:36:00,Outbound,AS/장애,644,상담자20,45763,보류,4,광주
2024-02-08 18:46:00,Inbound,상품문의(요금제),250,상담자7,20433,보류,5,충남
2024-02-21 04:35:00,Inbound,상품문의(요금제),126,상담자45,55472,해결,4,제주
2024-02-04 14:06:00,Outbound,AS/장애,391,상담자14,76384,처리 중,3,강원
2024-02-28 00:28:00,Outbound,AS/장애,158,상담자16,99713,처리 중,3,강원
2024-02-28 09:40:00,Inbound,기타문의,437,상담자22,19285,보류,3,인천
2024-01-31 05:19:00,Inbound,비용/청구,282,상담자39,83204,처리 중,1,전남
2024-02-10 23:22:00,Inbound,AS/장애,751,상담자26,95521,보류,2,서울
2024-02-21 05:56:00,Outbound,가입/해지,521,상담자16,28178,보류,2,제주
2024-02-17 15:38:00,Inbound,가입/해지,299,상담자31,99232,처리 중,2,경북
2024-02-24 14:11:00,Inbound,AS/장애,260,상담자39,93000,보류,3,광주
2024-02-11 02:16:00,Inbound,상품문의(요금제),592,상담자33,17976,해결,2,전북
2024-02-25 22:41:00,Inbound,가입/해지,550,상담자48,78533,보류,3,강원
2024-02-20 13:00:00,Outbound,기타문의,130,상담자39,35664,처리 중,5,전북
2024-02-07 21:10:00,Outbound,비용/청구,597,상담자49,63075,처리 중,3,충남
2024-02-08 01:39:00,Outbound,기타문의,591,상담자28,56422,보류,5,서울
2024-02-09 20:20:00,Inbound,가입/해지,612,상담자22,36118,처리 중,4,충남
2024-02-22 16:58:00,Inbound,가입/해지,545,상담자27,23088,처리 중,5,경기
2024-02-07 14:24:00,Outbound,기타문의,325,상담자25,80193,해결,2,충북
2024-02-24 05:31:00,Inbound,기타문의,605,상담자22,73107,처리 중,5,부산
2024-02-22 08:59:00,Inbound,비용/청구,690,상담자46,55264,해결,5,울산
2024-02-18 16:59:00,Outbound,기타문의,557,상담자19,77617,해결,3,대구
2024-02-06 19:30:00,Outbound,AS/장애,650,상담자35,61632,처리 중,2,대구
2024-02-12 08:48:00,Inbound,AS/장애,826,상담자22,15787,처리 중,2,전남
2024-02-11 21:23:00,Outbound,상품문의(요금제),241,상담자2,52234,보류,3,경남
2024-02-12 13:58:00,Inbound,상품문의(요금제),899,상담자21,10337,해결,3,대전
2024-02-09 12:39:00,Inbound,기타문의,614,상담자25,29609,처리 중,4,강원
2024-02-21 20:44:00,Inbound,기타문의,807,상담자48,60010,처리 중,4,경북
2024-02-26 06:04:00,Outbound,비용/청구,106,상담자25,67462,처리 중,4,제주
2024-02-28 16:56:00,Outbound,상품문의(요금제),659,상담자17,20696,보류,5,인천
2024-02-26 12:45:00,Outbound,기타문의,864,상담자41,72627,보류,3,경북
2024-02-01 18:28:00,Inbound,가입/해지,852,상담자9,92674,해결,1,경기
2024-02-11 17:28:00,Outbound,기타문의,157,상담자44,12763,해결,3,울산
2024-01-31 22:00:00,Outbound,상품문의(요금제),760,상담자22,44167,해결,4,강원
2024-02-05 04:27:00,Outbound,기타문의,358,상담자33,93318,해결,2,경북
2024-02-13 23:57:00,Inbound,가입/해지,255,상담자24,83735,해결,5,광주
2024-02-02 19:52:00,Outbound,비용/청구,106,상담자6,78078,처리 중,1,강원
2024-02-06 13:49:00,Inbound,AS/장애,149,상담자50,31070,처리 중,5,경북
2024-02-20 12:07:00,Outbound,AS/장애,613,상담자11,41415,보류,4,울산
2024-02-06 02:42:00,Outbound,상품문의(요금제),435,상담자47,32515,해결,3,충남
2024-02-13 06:43:00,Outbound,AS/장애,429,상담자25,93797,보류,4,부산
2024-02-16 01:58:00,Inbound,비용/청구,310,상담자48,36171,처리 중,1,광주
2024-02-20 18:25:00,Outbound,비용/청구,449,상담자30,28311,처리 중,2,충북
2024-02-21 10:22:00,Outbound,상품문의(요금제),89,상담자36,87901,보류,3,충남
2024-02-05 22:54:00,Inbound,가입/해지,719,상담자42,25254,보류,3,서울
2024-02-13 15:06:00,Inbound,비용/청구,196,상담자7,23593,해결,2,광주
2024-02-06 10:47:00,Inbound,가입/해지,614,상담자38,90743,보류,4,경남
2024-02-24 12:19:00,Outbound,가입/해지,535,상담자40,24271,처리 중,1,경기
2024-02-05 20:10:00,Outbound,비용/청구,774,상담자8,24960,처리 중,5,인천
2024-02-21 08:53:00,Inbound,가입/해지,87,상담자8,68979,해결,2,강원
2024-02-23 18:56:00,Outbound,가입/해지,193,상담자48,83628,처리 중,3,대구
2024-02-23 13:50:00,Outbound,상품문의(요금제),704,상담자15,64340,처리 중,2,인천
2024-02-11 19:04:00,Outbound,비용/청구,786,상담자33,80858,처리 중,5,충북
2024-02-09 03:55:00,Outbound,상품문의(요금제),561,상담자37,62759,처리 중,5,전북
2024-02-10 06:49:00,Outbound,기타문의,227,상담자40,70363,보류,2,서울
2024-02-27 19:54:00,Inbound,가입/해지,310,상담자36,94010,해결,5,경남
2024-02-08 00:51:00,Outbound,비용/청구,189,상담자43,16301,해결,4,강원
2024-02-08 12:40:00,Inbound,가입/해지,808,상담자19,56973,처리 중,5,경북
2024-02-22 04:06:00,Outbound,상품문의(요금제),169,상담자1,67606,보류,5,경남
2024-02-23 10:33:00,Inbound,비용/청구,677,상담자3,42282,처리 중,4,울산
2024-01-31 21:17:00,Outbound,상품문의(요금제),92,상담자41,37081,보류,4,강원
2024-02-09 23:04:00,Outbound,비용/청구,598,상담자14,75440,보류,1,경기
2024-02-14 07:47:00,Inbound,AS/장애,515,상담자29,10118,해결,4,강원
2024-02-14 00:30:00,Inbound,비용/청구,434,상담자37,17394,보류,1,부산
2024-02-15 09:48:00,Outbound,가입/해지,674,상담자28,21494,처리 중,3,광주
2024-02-11 17:50:00,Outbound,기타문의,100,상담자29,24866,보류,5,경북
2024-02-06 03:40:00,Inbound,AS/장애,642,상담자31,83080,해결,2,서울
2024-02-22 23:02:00,Inbound,기타문의,895,상담자15,98205,보류,4,경남
2024-02-17 10:29:00,Outbound,상품문의(요금제),76,상담자29,56700,보류,2,울산
2024-02-26 03:07:00,Inbound,가입/해지,543,상담자22,61855,보류,1,충남
2024-02-05 19:18:00,Inbound,기타문의,421,상담자48,53154,해결,2,충북
2024-02-04 02:14:00,Inbound,상품문의(요금제),487,상담자13,54124,해결,3,경기
2024-02-09 19:40:00,Inbound,기타문의,159,상담자7,34517,처리 중,3,제주
2024-02-04 05:47:00,Inbound,비용/청구,834,상담자30,39144,보류,3,충북
2024-02-08 03:14:00,Outbound,상품문의(요금제),881,상담자14,84615,해결,2,부산
2024-02-06 22:14:00,Outbound,비용/청구,568,상담자50,41604,해결,2,강원
2024-02-23 09:16:00,Outbound,비용/청구,306,상담자2,61044,처리 중,4,제주
2024-02-11 03:27:00,Outbound,기타문의,497,상담자6,48062,해결,3,울산
2024-02-28 13:30:00,Inbound,비용/청구,621,상담자3,86146,처리 중,3,인천
2024-02-18 03:04:00,Outbound,가입/해지,631,상담자15,47386,해결,3,서울
2024-02-18 21:52:00,Inbound,가입/해지,650,상담자30,66786,보류,2,광주
2024-02-07 13:37:00,Inbound,상품문의(요금제),561,상담자16,51674,처리 중,3,서울
2024-02-21 00:04:00,Inbound,가입/해지,232,상담자10,56879,해결,3,강원
2024-02-03 09:05:00,Outbound,기타문의,309,상담자22,72338,해결,2,강원
2024-02-14 16:36:00,Inbound,상품문의(요금제),75,상담자17,35510,처리 중,5,전북
2024-02-19 21:39:00,Outbound,비용/청구,126,상담자23,93152,해결,1,서울
2024-02-22 23:32:00,Outbound,기타문의,170,상담자50,15154,보류,1,전북
2024-02-08 01:21:00,Outbound,AS/장애,262,상담자16,16808,처리 중,1,울산
2024-02-03 02:04:00,Outbound,상품문의(요금제),74,상담자4,30406,처리 중,4,대전
2024-02-28 06:33:00,Outbound,비용/청구,563,상담자47,86502,해결,3,인천
2024-02-09 00:11:00,Inbound,상품문의(요금제),878,상담자33,91192,처리 중,3,경기
2024-02-01 12:11:00,Inbound,상품문의(요금제),149,상담자45,73097,해결,3,대구
2024-02-03 10:10:00,Inbound,비용/청구,734,상담자6,71931,해결,3,전북
2024-02-24 05:01:00,Outbound,상품문의(요금제),271,상담자7,30177,해결,2,부산
2024-01-31 01:46:00,Outbound,기타문의,897,상담자14,39294,보류,5,경기
2024-02-07 22:30:00,Outbound,가입/해지,329,상담자10,16669,보류,2,서울
2024-02-06 07:49:00,Inbound,상품문의(요금제),218,상담자19,40902,해결,5,대구
2024-02-06 12:49:00,Inbound,가입/해지,227,상담자6,82655,해결,3,서울
2024-02-06 05:40:00,Outbound,가입/해지,403,상담자27,90968,해결,4,전북
2024-02-04 14:32:00,Outbound,상품문의(요금제),125,상담자12,87535,처리 중,1,충북
2024-02-03 19:47:00,Inbound,AS/장애,575,상담자39,47276,처리 중,4,서울
2024-02-17 09:52:00,Inbound,가입/해지,80,상담자48,56211,처리 중,4,전남
2024-02-27 05:17:00,Inbound,기타문의,175,상담자8,79204,보류,5,울산
2024-02-03 04:40:00,Inbound,기타문의,143,상담자2,96114,처리 중,2,울산
2024-02-04 10:21:00,Outbound,가입/해지,166,상담자31,90628,보류,4,충북
2024-02-02 03:25:00,Inbound,기타문의,678,상담자23,14202,처리 중,2,서울
2024-02-10 08:37:00,Inbound,AS/장애,329,상담자33,39916,해결,4,대전
2024-02-20 04:33:00,Outbound,비용/청구,267,상담자48,78409,해결,1,광주
2024-02-20 23:47:00,Inbound,기타문의,889,상담자37,39202,처리 중,3,전남
2024-02-15 20:32:00,Outbound,가입/해지,731,상담자26,16390,보류,2,부산
2024-02-22 03:13:00,Inbound,비용/청구,419,상담자14,10576,보류,3,경북
2024-02-12 21:17:00,Outbound,상품문의(요금제),447,상담자46,16286,해결,4,강원
2024-02-16 09:40:00,Outbound,기타문의,661,상담자33,82603,보류,4,경남
2024-02-15 18:08:00,Inbound,가입/해지,528,상담자19,76527,처리 중,4,제주
2024-02-20 20:22:00,Inbound,기타문의,184,상담자24,10197,보류,4,강원
2024-02-23 07:54:00,Outbound,상품문의(요금제),739,상담자7,98039,보류,1,전남
2024-02-04 05:31:00,Outbound,상품문의(요금제),239,상담자18,17096,처리 중,1,충남
2024-02-19 07:31:00,Outbound,가입/해지,488,상담자46,75204,처리 중,2,서울
2024-02-10 21:01:00,Inbound,비용/청구,861,상담자1,13171,보류,1,제주
2024-02-21 16:50:00,Inbound,기타문의,483,상담자45,58157,해결,4,충남
2024-02-15 15:37:00,Inbound,가입/해지,876,상담자2,97393,해결,3,전북
2024-02-08 01:26:00,Inbound,비용/청구,416,상담자34,60743,처리 중,4,울산
2024-02-28 00:59:00,Outbound,비용/청구,540,상담자6,40947,처리 중,5,강원
2024-02-20 21:47:00,Inbound,기타문의,233,상담자44,17910,해결,2,전북
2024-02-23 05:36:00,Outbound,비용/청구,736,상담자38,12877,처리 중,1,부산
2024-02-27 04:00:00,Outbound,가입/해지,487,상담자30,18531,보류,4,강원
2024-02-27 03:30:00,Inbound,비용/청구,900,상담자4,52670,해결,3,인천
2024-02-13 20:31:00,Inbound,가입/해지,786,상담자17,58080,해결,4,경기
2024-02-20 23:38:00,Outbound,가입/해지,781,상담자8,14997,해결,2,광주
2024-02-04 21:44:00,Inbound,비용/청구,518,상담자40,63191,보류,3,경남
2024-02-28 13:48:00,Outbound,상품문의(요금제),738,상담자34,52851,보류,2,전북
2024-02-20 10:07:00,Inbound,기타문의,478,상담자19,90836,해결,1,경북
2024-02-13 09:53:00,Outbound,상품문의(요금제),443,상담자1,37209,해결,5,울산
2024-02-21 01:14:00,Outbound,AS/장애,646,상담자44,28107,해결,2,경남
2024-02-13 09:43:00,Outbound,AS/장애,589,상담자29,85373,해결,2,강원
2024-01-31 14:45:00,Outbound,가입/해지,494,상담자27,81613,보류,5,대전
2024-02-25 13:26:00,Inbound,가입/해지,521,상담자39,81856,보류,5,전북
2024-02-27 09:04:00,Outbound,AS/장애,497,상담자32,79465,보류,1,충남
2024-02-19 02:10:00,Inbound,기타문의,301,상담자35,41798,처리 중,1,전남
2024-02-24 17:38:00,Inbound,상품문의(요금제),71,상담자40,27685,처리 중,2,서울
2024-02-07 21:25:00,Inbound,가입/해지,430,상담자36,63545,처리 중,1,전남
2024-02-11 22:03:00,Outbound,기타문의,551,상담자35,28765,보류,2,충남
2024-02-16 23:23:00,Outbound,비용/청구,810,상담자31,74152,보류,4,대전
2024-02-11 12:50:00,Outbound,비용/청구,900,상담자47,82937,처리 중,1,전남
2024-02-01 14:35:00,Outbound,상품문의(요금제),258,상담자36,11738,보류,5,인천
2024-02-18 15:08:00,Inbound,상품문의(요금제),366,상담자4,45230,해결,5,전북
2024-02-04 14:02:00,Outbound,가입/해지,172,상담자33,39466,처리 중,4,경북
2024-02-25 16:15:00,Outbound,AS/장애,579,상담자22,81704,처리 중,4,강원
2024-02-26 14:45:00,Inbound,AS/장애,155,상담자45,15428,해결,1,부산
2024-02-13 11:48:00,Inbound,AS/장애,593,상담자46,26847,보류,4,인천
2024-02-08 11:22:00,Outbound,가입/해지,251,상담자34,63704,보류,2,전남
2024-02-07 02:24:00,Outbound,상품문의(요금제),317,상담자25,59531,해결,3,전남
2024-02-05 12:39:00,Inbound,비용/청구,586,상담자11,91193,보류,2,제주
2024-02-03 10:47:00,Outbound,비용/청구,122,상담자14,90883,해결,5,전남
2024-02-16 08:41:00,Outbound,비용/청구,180,상담자34,34197,해결,4,대전
2024-02-26 17:48:00,Inbound,상품문의(요금제),483,상담자12,20720,보류,3,충남
2024-02-07 17:05:00,Outbound,상품문의(요금제),743,상담자34,51000,처리 중,2,경기
2024-02-25 13:54:00,Outbound,기타문의,638,상담자28,46318,해결,1,전남
2024-02-18 14:26:00,Inbound,기타문의,201,상담자50,50314,보류,2,인천
2024-01-31 09:46:00,Outbound,상품문의(요금제),739,상담자44,69403,해결,5,경기
2024-02-02 03:29:00,Inbound,상품문의(요금제),693,상담자35,32177,보류,2,부산
2024-02-26 22:26:00,Inbound,상품문의(요금제),448,상담자22,83404,해결,4,부산
2024-01-31 02:10:00,Inbound,AS/장애,98,상담자42,40114,보류,1,경남
2024-02-09 11:01:00,Outbound,AS/장애,807,상담자39,69862,처리 중,1,전남
2024-02-12 06:54:00,Outbound,상품문의(요금제),272,상담자20,62917,처리 중,4,광주
2024-02-03 23:26:00,Outbound,AS/장애,165,상담자26,33917,해결,3,경남
2024-02-10 13:57:00,Outbound,비용/청구,284,상담자41,40396,보류,1,울산
2024-02-11 03:14:00,Outbound,비용/청구,571,상담자2,96098,해결,4,인천
2024-03-02 16:19:00,Outbound,AS/장애,397,상담자3,22025,처리 중,1,경남
2024-03-03 22:23:00,Outbound,AS/장애,849,상담자8,96419,처리 중,3,부산
2024-03-02 23:11:00,Outbound,기타문의,324,상담자18,50227,해결,4,경북
2024-03-18 01:20:00,Outbound,기타문의,717,상담자23,78998,보류,4,인천
2024-03-19 05:47:00,Outbound,비용/청구,310,상담자9,47016,보류,3,경기
2024-03-26 14:44:00,Outbound,상품문의(요금제),771,상담자3,56255,보류,3,서울
2024-03-14 01:47:00,Inbound,기타문의,67,상담자45,53365,보류,2,경남
2024-03-20 02:50:00,Outbound,상품문의(요금제),735,상담자30,39371,보류,2,대구
2024-03-14 05:22:00,Outbound,기타문의,802,상담자19,88376,처리 중,1,경기
2024-03-24 21:36:00,Outbound,비용/청구,335,상담자19,31289,처리 중,5,부산
2024-03-12 22:03:00,Outbound,기타문의,398,상담자50,85568,보류,2,제주
2024-03-07 11:19:00,Inbound,비용/청구,85,상담자14,83129,처리 중,2,인천
2024-03-19 04:06:00,Inbound,AS/장애,431,상담자23,52317,처리 중,4,전남
2024-03-24 01:58:00,Outbound,상품문의(요금제),492,상담자1,91718,해결,2,경북
2024-03-01 05:59:00,Outbound,상품문의(요금제),122,상담자43,88220,보류,2,제주
2024-03-21 22:39:00,Inbound,상품문의(요금제),884,상담자8,50152,해결,1,인천
2024-03-17 13:54:00,Inbound,상품문의(요금제),470,상담자50,17293,처리 중,3,전북
2024-03-21 22:37:00,Outbound,가입/해지,774,상담자6,49844,보류,4,광주
2024-03-22 20:50:00,Inbound,AS/장애,587,상담자1,22231,처리 중,5,인천
2024-03-09 13:51:00,Inbound,가입/해지,614,상담자5,31960,처리 중,4,제주
2024-03-26 00:30:00,Inbound,가입/해지,110,상담자41,56318,보류,3,부산
2024-03-14 21:27:00,Outbound,기타문의,661,상담자14,97244,보류,4,전남
2024-03-13 06:52:00,Outbound,비용/청구,560,상담자6,17224,보류,5,경기
2024-03-27 02:43:00,Outbound,상품문의(요금제),66,상담자6,29502,해결,3,충북
2024-03-27 09:41:00,Inbound,AS/장애,113,상담자8,72081,처리 중,1,울산
2024-03-13 07:41:00,Outbound,기타문의,557,상담자9,12746,처리 중,2,전남
2024-03-24 06:30:00,Outbound,가입/해지,780,상담자30,69569,보류,4,전북
2024-03-07 22:00:00,Outbound,기타문의,884,상담자39,49803,보류,4,강원
2024-03-18 19:24:00,Inbound,AS/장애,794,상담자11,69782,해결,5,경기
2024-03-11 00:05:00,Outbound,기타문의,488,상담자22,69417,해결,4,전남
2024-03-21 16:25:00,Outbound,가입/해지,98,상담자20,39643,처리 중,3,광주
2024-02-29 00:11:00,Inbound,비용/청구,119,상담자42,59966,처리 중,1,대전
2024-03-19 20:47:00,Outbound,기타문의,618,상담자19,10225,보류,2,서울
2024-03-14 18:00:00,Inbound,상품문의(요금제),268,상담자36,29464,처리 중,4,대전
2024-03-04 16:39:00,Outbound,상품문의(요금제),718,상담자28,64222,보류,3,전남
2024-03-16 19:47:00,Outbound,상품문의(요금제),337,상담자27,25882,처리 중,4,전북
2024-03-28 15:28:00,Outbound,AS/장애,417,상담자27,83685,보류,5,대구
2024-03-07 00:03:00,Inbound,상품문의(요금제),269,상담자5,90686,처리 중,5,울산
2024-03-18 12:43:00,Inbound,기타문의,404,상담자25,10637,해결,2,충북
2024-03-09 08:26:00,Outbound,AS/장애,785,상담자31,11542,보류,4,대전
2024-03-01 22:07:00,Inbound,AS/장애,867,상담자38,97947,해결,3,경기
2024-03-01 10:45:00,Inbound,비용/청구,522,상담자26,95157,처리 중,1,충남
2024-03-13 17:43:00,Inbound,가입/해지,114,상담자17,58304,해결,1,대전
2024-03-24 19:48:00,Inbound,가입/해지,286,상담자50,40078,보류,1,경기
2024-03-12 03:02:00,Outbound,AS/장애,95,상담자13,51236,해결,4,광주
2024-03-09 07:13:00,Outbound,상품문의(요금제),199,상담자18,94856,보류,3,인천
2024-03-08 22:26:00,Inbound,상품문의(요금제),841,상담자5,74191,해결,4,부산
2024-03-01 07:41:00,Outbound,가입/해지,257,상담자38,36912,해결,1,울산
2024-03-03 04:28:00,Inbound,비용/청구,520,상담자28,18688,보류,3,광주
2024-03-20 08:33:00,Inbound,가입/해지,382,상담자48,48236,해결,1,울산
2024-03-23 10:22:00,Inbound,비용/청구,466,상담자41,76908,처리 중,1,부산
2024-03-26 11:48:00,Outbound,비용/청구,256,상담자18,26454,처리 중,3,충남
2024-03-10 20:37:00,Outbound,가입/해지,189,상담자36,34114,해결,5,대전
2024-03-12 18:34:00,Outbound,비용/청구,245,상담자21,82800,해결,2,충북
2024-03-08 18:44:00,Inbound,AS/장애,103,상담자24,51471,처리 중,5,강원
2024-03-20 19:53:00,Outbound,상품문의(요금제),868,상담자29,23090,보류,4,울산
2024-03-27 10:25:00,Outbound,AS/장애,217,상담자10,46200,처리 중,4,전남
2024-03-19 05:45:00,Inbound,상품문의(요금제),224,상담자12,82912,해결,1,경북
2024-03-14 07:34:00,Inbound,비용/청구,461,상담자28,86225,보류,4,경기
2024-03-15 14:01:00,Outbound,기타문의,743,상담자4,10671,처리 중,3,전북
2024-03-01 07:27:00,Inbound,AS/장애,659,상담자19,76540,해결,3,경남
2024-03-12 09:31:00,Inbound,상품문의(요금제),231,상담자35,51891,해결,4,전북
2024-03-08 07:32:00,Outbound,AS/장애,877,상담자36,63799,보류,2,경남
2024-03-20 16:09:00,Inbound,비용/청구,97,상담자11,31141,처리 중,4,광주
2024-03-27 15:31:00,Inbound,비용/청구,899,상담자1,24321,해결,4,광주
2024-03-13 09:45:00,Inbound,가입/해지,274,상담자50,65662,처리 중,3,광주
2024-03-04 21:15:00,Inbound,AS/장애,291,상담자3,34162,처리 중,5,강원
2024-03-11 20:26:00,Outbound,기타문의,539,상담자20,47322,보류,3,경남
2024-03-11 20:23:00,Outbound,가입/해지,897,상담자18,38624,보류,5,서울
2024-03-17 02:55:00,Inbound,AS/장애,127,상담자21,15014,보류,1,인천
2024-03-08 12:58:00,Inbound,상품문의(요금제),630,상담자6,79602,보류,5,충북
2024-03-21 03:05:00,Inbound,비용/청구,450,상담자36,32181,해결,1,서울
2024-03-11 01:54:00,Outbound,상품문의(요금제),109,상담자33,21369,처리 중,3,대구
2024-03-27 21:57:00,Inbound,가입/해지,582,상담자49,27842,처리 중,5,경북
2024-03-10 17:35:00,Outbound,기타문의,802,상담자29,27443,처리 중,2,전북
2024-03-24 08:49:00,Outbound,비용/청구,103,상담자36,45513,해결,2,대전
2024-03-26 08:41:00,Inbound,기타문의,228,상담자16,16023,처리 중,1,서울
2024-03-12 17:12:00,Inbound,기타문의,525,상담자39,31887,처리 중,5,부산
2024-03-19 07:19:00,Inbound,AS/장애,102,상담자16,83721,처리 중,1,경북
2024-03-18 05:05:00,Outbound,AS/장애,584,상담자43,63241,보류,4,충남
2024-03-22 23:00:00,Inbound,비용/청구,702,상담자32,73425,처리 중,4,경북
2024-03-07 12:56:00,Outbound,AS/장애,512,상담자36,13736,처리 중,1,부산
2024-03-26 11:53:00,Inbound,상품문의(요금제),875,상담자16,27288,처리 중,4,충북
2024-03-04 17:35:00,Inbound,비용/청구,64,상담자50,83586,처리 중,1,충남
2024-03-25 08:28:00,Inbound,AS/장애,636,상담자45,83128,보류,2,제주
2024-03-05 11:48:00,Outbound,비용/청구,173,상담자17,38913,처리 중,5,경기
2024-03-05 04:11:00,Inbound,AS/장애,307,상담자4,33656,보류,1,대전
2024-03-27 17:00:00,Inbound,AS/장애,395,상담자43,24371,처리 중,1,경북
2024-03-08 18:59:00,Outbound,상품문의(요금제),644,상담자6,52630,처리 중,1,강원
2024-03-28 09:45:00,Inbound,AS/장애,657,상담자22,77607,해결,2,울산
2024-03-19 04:26:00,Outbound,가입/해지,327,상담자30,31550,보류,2,경기
2024-03-03 02:00:00,Outbound,가입/해지,404,상담자46,21977,보류,1,경기
2024-03-25 06:01:00,Outbound,AS/장애,843,상담자15,51859,처리 중,1,경기
2024-03-22 10:23:00,Inbound,비용/청구,365,상담자11,55833,보류,1,대구
2024-03-04 19:15:00,Inbound,AS/장애,866,상담자11,84807,해결,1,경남
2024-03-23 12:32:00,Outbound,비용/청구,637,상담자28,51401,처리 중,5,전북
2024-03-04 17:50:00,Inbound,가입/해지,150,상담자50,36262,처리 중,3,경기
2024-03-14 13:19:00,Inbound,비용/청구,494,상담자9,75161,처리 중,1,대전
2024-03-14 20:52:00,Inbound,AS/장애,632,상담자46,50466,보류,5,제주
2024-03-16 16:42:00,Inbound,비용/청구,731,상담자26,95581,처리 중,3,충북
2024-03-23 15:43:00,Inbound,비용/청구,512,상담자12,95514,보류,1,광주
2024-03-07 10:24:00,Inbound,상품문의(요금제),692,상담자39,14789,해결,3,서울
2024-03-10 14:33:00,Inbound,가입/해지,189,상담자4,64553,처리 중,3,충남
2024-03-09 07:41:00,Outbound,기타문의,395,상담자8,11094,해결,5,경남
2024-03-16 10:05:00,Inbound,AS/장애,132,상담자13,42129,보류,2,울산
2024-03-01 05:14:00,Outbound,비용/청구,359,상담자15,32585,보류,3,전북
2024-02-29 04:35:00,Outbound,AS/장애,260,상담자40,56733,처리 중,1,전북
2024-03-15 06:27:00,Inbound,상품문의(요금제),179,상담자24,60550,처리 중,5,전북
2024-02-29 22:00:00,Outbound,비용/청구,492,상담자44,67027,해결,3,서울
2024-03-14 23:39:00,Inbound,기타문의,491,상담자20,28696,처리 중,2,전남
2024-03-02 15:45:00,Outbound,상품문의(요금제),402,상담자44,32264,해결,5,전북
2024-03-15 15:33:00,Inbound,기타문의,172,상담자22,83622,처리 중,1,대구
2024-03-20 09:13:00,Inbound,상품문의(요금제),523,상담자23,33479,보류,1,광주
2024-03-19 17:13:00,Outbound,가입/해지,442,상담자14,10564,해결,5,충북
2024-03-10 15:43:00,Outbound,가입/해지,636,상담자24,24113,처리 중,2,광주
2024-03-06 04:23:00,Inbound,상품문의(요금제),82,상담자23,97729,처리 중,1,경기
2024-03-13 19:48:00,Outbound,기타문의,695,상담자32,33764,처리 중,4,제주
2024-03-26 12:34:00,Inbound,가입/해지,119,상담자35,45011,보류,2,대구
2024-03-01 11:10:00,Outbound,비용/청구,679,상담자40,22670,보류,2,충북
2024-03-18 23:17:00,Outbound,상품문의(요금제),733,상담자41,69672,처리 중,5,광주
2024-03-09 13:47:00,Outbound,AS/장애,731,상담자39,30630,해결,3,대전
2024-03-14 01:53:00,Outbound,기타문의,140,상담자42,58883,처리 중,3,강원
2024-03-15 21:41:00,Inbound,비용/청구,786,상담자28,60253,처리 중,3,전북
2024-02-29 20:46:00,Outbound,비용/청구,548,상담자2,65922,처리 중,5,부산
2024-03-14 00:19:00,Outbound,가입/해지,200,상담자35,16283,해결,1,충북
2024-03-24 06:44:00,Outbound,AS/장애,649,상담자33,98094,해결,4,강원
2024-03-19 08:12:00,Outbound,AS/장애,302,상담자43,84122,처리 중,4,인천
2024-03-09 17:52:00,Outbound,AS/장애,665,상담자2,89707,처리 중,4,경북
2024-03-16 07:24:00,Outbound,AS/장애,167,상담자32,56463,보류,5,충남
2024-03-12 22:53:00,Outbound,기타문의,579,상담자48,33475,처리 중,3,충북
2024-03-21 18:07:00,Inbound,기타문의,599,상담자21,29514,보류,5,서울
2024-03-15 17:57:00,Outbound,기타문의,702,상담자10,23595,보류,4,경북
2024-03-04 22:54:00,Inbound,비용/청구,878,상담자38,52795,해결,2,경북
2024-03-13 16:14:00,Outbound,기타문의,509,상담자50,81533,처리 중,1,경남
2024-03-09 03:43:00,Inbound,기타문의,892,상담자2,51815,해결,4,제주
2024-03-09 04:20:00,Outbound,상품문의(요금제),440,상담자29,41896,보류,2,경북
2024-03-06 22:54:00,Outbound,기타문의,727,상담자15,15599,보류,3,울산
2024-03-14 04:35:00,Inbound,기타문의,144,상담자37,76249,보류,5,경북
2024-03-01 17:49:00,Outbound,기타문의,716,상담자16,30269,해결,1,인천
2024-03-11 08:20:00,Inbound,AS/장애,205,상담자26,89180,해결,1,부산
2024-03-26 06:13:00,Inbound,AS/장애,362,상담자19,29319,보류,1,인천
2024-03-10 19:28:00,Inbound,AS/장애,706,상담자19,17588,처리 중,1,충남
2024-03-19 16:09:00,Inbound,기타문의,864,상담자26,99669,보류,3,부산
2024-03-16 06:15:00,Outbound,AS/장애,103,상담자4,61636,보류,2,제주
2024-03-21 06:33:00,Inbound,기타문의,250,상담자20,78002,처리 중,5,부산
2024-03-07 08:52:00,Inbound,기타문의,181,상담자45,90707,해결,5,대전
2024-03-15 08:36:00,Outbound,상품문의(요금제),252,상담자28,72947,해결,5,경북
2024-03-22 15:44:00,Inbound,가입/해지,100,상담자30,27951,보류,1,전남
2024-03-28 03:09:00,Outbound,AS/장애,212,상담자45,62106,해결,3,제주
2024-03-17 09:23:00,Inbound,AS/장애,541,상담자23,40796,보류,3,서울
2024-03-14 21:43:00,Outbound,AS/장애,295,상담자28,21746,해결,3,부산
2024-03-25 09:58:00,Inbound,비용/청구,879,상담자45,52662,해결,2,대전
2024-03-05 03:10:00,Inbound,가입/해지,615,상담자11,80556,처리 중,3,전북
2024-03-03 01:45:00,Outbound,기타문의,730,상담자39,71358,처리 중,3,대구
2024-03-21 02:40:00,Inbound,가입/해지,618,상담자34,70630,해결,1,대전
2024-03-14 11:14:00,Outbound,가입/해지,631,상담자18,19202,처리 중,1,충남
2024-03-27 02:15:00,Inbound,기타문의,265,상담자26,13307,보류,4,광주
2024-02-29 09:24:00,Outbound,가입/해지,802,상담자32,53321,처리 중,2,경북
2024-03-11 11:46:00,Inbound,AS/장애,113,상담자1,84839,처리 중,2,대전
2024-03-09 05:27:00,Inbound,상품문의(요금제),751,상담자44,98452,보류,2,광주
2024-03-23 22:58:00,Inbound,기타문의,73,상담자8,26719,보류,3,광주
2024-03-26 04:11:00,Inbound,상품문의(요금제),272,상담자16,63927,해결,5,경남
2024-03-17 07:43:00,Outbound,비용/청구,618,상담자7,60603,보류,4,인천
2024-03-13 19:55:00,Inbound,비용/청구,305,상담자49,32721,해결,2,전남
2024-03-14 16:22:00,Inbound,AS/장애,422,상담자4,94813,처리 중,2,강원
2024-03-26 01:22:00,Inbound,비용/청구,699,상담자35,20272,처리 중,2,전북
2024-03-25 14:39:00,Outbound,기타문의,266,상담자27,97189,해결,1,경남
2024-03-03 14:52:00,Outbound,가입/해지,656,상담자49,58314,해결,2,경남
2024-03-02 22:49:00,Outbound,상품문의(요금제),896,상담자37,93000,해결,3,경북
2024-03-17 07:45:00,Outbound,비용/청구,693,상담자36,45511,처리 중,1,제주
2024-03-27 22:55:00,Inbound,상품문의(요금제),160,상담자32,87997,처리 중,2,인천
2024-03-17 00:36:00,Inbound,상품문의(요금제),516,상담자21,72124,보류,3,대구
2024-03-24 19:20:00,Outbound,AS/장애,474,상담자22,71036,해결,5,경남
2024-03-18 15:40:00,Inbound,기타문의,189,상담자25,49673,해결,4,대전
2024-03-02 02:37:00,Inbound,비용/청구,412,상담자3,81304,처리 중,2,제주
2024-03-25 00:24:00,Inbound,AS/장애,347,상담자12,92521,해결,2,충북
2024-03-10 03:52:00,Inbound,가입/해지,510,상담자40,32168,처리 중,4,제주
2024-03-19 20:48:00,Outbound,기타문의,821,상담자4,18566,보류,2,경남
2024-03-22 01:19:00,Inbound,기타문의,510,상담자15,87613,보류,2,경남
2024-03-08 08:48:00,Inbound,AS/장애,206,상담자32,44741,처리 중,1,강원
2024-03-05 16:34:00,Outbound,비용/청구,413,상담자49,14822,해결,5,충북
2024-03-09 01:15:00,Inbound,기타문의,766,상담자43,48640,보류,3,부산
2024-03-12 01:36:00,Outbound,AS/장애,583,상담자44,76953,해결,5,광주
2024-03-21 06:24:00,Inbound,상품문의(요금제),584,상담자25,49170,처리 중,2,강원
2024-03-05 22:59:00,Inbound,비용/청구,506,상담자31,87789,해결,2,대구
2024-03-04 15:34:00,Outbound,기타문의,666,상담자46,69290,보류,1,제주
2024-03-19 09:45:00,Outbound,가입/해지,732,상담자13,60967,해결,3,대전
2024-03-05 13:25:00,Inbound,가입/해지,212,상담자13,66497,처리 중,2,전남
2024-03-07 21:30:00,Inbound,비용/청구,353,상담자44,14814,처리 중,4,충남
2024-03-02 23:16:00,Inbound,기타문의,811,상담자24,28272,처리 중,5,강원
2024-03-28 14:50:00,Inbound,기타문의,616,상담자34,19743,보류,2,전북
2024-03-11 14:43:00,Inbound,비용/청구,779,상담자16,84826,보류,4,제주
2024-03-03 21:19:00,Inbound,가입/해지,339,상담자33,45675,보류,2,경북
2024-03-16 20:19:00,Outbound,AS/장애,356,상담자39,31574,처리 중,2,제주
2024-03-22 17:09:00,Outbound,AS/장애,202,상담자17,21534,해결,2,경남
2024-03-05 13:11:00,Outbound,가입/해지,642,상담자13,36451,처리 중,5,경남
2024-03-20 17:37:00,Outbound,상품문의(요금제),469,상담자28,82977,해결,5,부산
2024-03-02 06:46:00,Outbound,기타문의,379,상담자22,71773,해결,5,광주
2024-03-23 00:44:00,Outbound,상품문의(요금제),644,상담자35,46708,해결,3,제주
2024-03-16 07:49:00,Inbound,AS/장애,297,상담자18,75536,처리 중,1,대구
2024-03-28 13:18:00,Outbound,AS/장애,838,상담자6,90598,해결,2,경남
2024-03-05 18:54:00,Inbound,가입/해지,142,상담자28,43980,해결,4,울산
2024-03-10 18:10:00,Inbound,상품문의(요금제),358,상담자44,19913,보류,2,전북
2024-03-18 01:40:00,Inbound,AS/장애,655,상담자43,55238,해결,1,강원
2024-03-03 22:51:00,Outbound,비용/청구,715,상담자10,53601,처리 중,4,서울
2024-03-25 04:11:00,Outbound,비용/청구,405,상담자45,12648,처리 중,1,전남
2024-03-06 15:58:00,Inbound,AS/장애,97,상담자48,58415,보류,3,전남
2024-03-27 03:51:00,Inbound,상품문의(요금제),711,상담자31,78415,보류,4,전북
2024-03-11 22:47:00,Inbound,기타문의,454,상담자25,39976,보류,2,경북
2024-03-07 00:24:00,Outbound,기타문의,387,상담자41,64209,처리 중,1,강원
2024-03-20 00:06:00,Outbound,AS/장애,67,상담자25,13101,처리 중,1,서울
2024-03-03 05:10:00,Inbound,기타문의,593,상담자8,70936,보류,4,경기
2024-03-18 13:17:00,Outbound,기타문의,184,상담자21,40475,해결,2,경기
2024-03-26 16:29:00,Inbound,기타문의,614,상담자15,12269,처리 중,3,전남
2024-03-20 14:24:00,Outbound,상품문의(요금제),332,상담자26,56355,해결,2,경북
2024-03-25 03:29:00,Outbound,비용/청구,557,상담자27,78646,처리 중,3,광주
2024-03-14 06:13:00,Inbound,비용/청구,256,상담자46,65738,처리 중,4,대전
2024-03-21 20:21:00,Outbound,비용/청구,107,상담자8,20523,처리 중,3,충북
2024-03-26 07:21:00,Inbound,가입/해지,160,상담자15,50426,해결,3,전북
2024-03-15 23:37:00,Outbound,상품문의(요금제),895,상담자35,39687,처리 중,5,충북
2024-02-29 03:09:00,Inbound,비용/청구,181,상담자18,98361,처리 중,4,경남
2024-03-11 02:26:00,Outbound,비용/청구,783,상담자9,70328,처리 중,3,충남
2024-03-01 03:51:00,Outbound,상품문의(요금제),283,상담자12,56761,보류,1,인천
2024-03-25 07:25:00,Inbound,AS/장애,827,상담자3,12234,보류,2,광주
2024-03-09 07:47:00,Inbound,가입/해지,79,상담자27,96512,보류,3,경기
2024-03-16 21:16:00,Outbound,AS/장애,201,상담자31,83537,처리 중,3,충북
2024-03-10 08:12:00,Inbound,상품문의(요금제),295,상담자50,41573,보류,3,인천
2024-03-16 23:32:00,Outbound,가입/해지,187,상담자19,94593,처리 중,1,대전
2024-03-17 01:54:00,Outbound,상품문의(요금제),463,상담자44,21195,처리 중,3,충남
2024-03-11 23:43:00,Inbound,AS/장애,849,상담자47,46595,보류,3,충북
2024-03-11 03:11:00,Inbound,가입/해지,427,상담자5,98731,처리 중,2,강원
2024-03-19 21:09:00,Outbound,가입/해지,321,상담자39,45079,해결,3,제주
2024-03-23 13:51:00,Outbound,가입/해지,810,상담자13,23988,처리 중,2,강원
2024-03-08 16:18:00,Inbound,비용/청구,215,상담자19,32082,보류,1,대구
2024-03-27 23:52:00,Outbound,AS/장애,818,상담자6,76080,처리 중,1,대구
2024-03-24 16:08:00,Outbound,AS/장애,78,상담자22,59688,보류,4,부산
2024-03-22 06:20:00,Inbound,AS/장애,759,상담자12,66432,보류,2,광주
2024-03-27 04:58:00,Outbound,비용/청구,99,상담자49,57612,해결,5,충북
2024-03-28 19:34:00,Inbound,기타문의,687,상담자22,15070,처리 중,1,경기
2024-03-21 14:17:00,Outbound,AS/장애,323,상담자23,79108,해결,5,대구
2024-03-25 23:15:00,Inbound,상품문의(요금제),748,상담자47,57577,보류,2,제주
2024-03-23 09:52:00,Outbound,비용/청구,353,상담자45,38346,해결,4,전남
2024-03-09 19:04:00,Outbound,가입/해지,585,상담자39,26515,보류,4,전북
2024-03-17 10:57:00,Inbound,가입/해지,797,상담자20,98735,해결,5,대전
2024-03-06 20:05:00,Inbound,가입/해지,787,상담자16,84214,처리 중,2,충남
2024-03-07 17:09:00,Inbound,가입/해지,465,상담자29,79381,해결,1,전남
2024-03-27 20:31:00,Inbound,가입/해지,177,상담자7,17060,처리 중,5,대구
2024-03-21 06:57:00,Outbound,AS/장애,309,상담자42,89970,보류,2,제주
2024-03-19 04:03:00,Inbound,AS/장애,431,상담자16,20991,처리 중,3,경남
2024-03-27 18:24:00,Outbound,가입/해지,623,상담자23,34631,해결,4,대전
2024-03-20 12:11:00,Outbound,상품문의(요금제),296,상담자31,38714,해결,4,제주
2024-03-21 11:29:00,Outbound,AS/장애,568,상담자29,29649,처리 중,1,대전
2024-03-07 11:49:00,Outbound,AS/장애,146,상담자45,62251,해결,4,전북
2024-03-19 07:07:00,Inbound,AS/장애,488,상담자29,25779,처리 중,3,인천
2024-03-06 23:37:00,Inbound,비용/청구,891,상담자40,34836,보류,4,부산
2024-03-25 07:25:00,Outbound,가입/해지,61,상담자30,69842,보류,3,충남
2024-03-24 01:19:00,Outbound,AS/장애,617,상담자33,37117,보류,4,부산
2024-03-22 20:22:00,Inbound,상품문의(요금제),189,상담자11,28286,보류,1,충북
2024-03-22 16:06:00,Inbound,AS/장애,91,상담자15,17752,해결,2,서울
2024-03-12 09:47:00,Inbound,AS/장애,670,상담자34,95553,처리 중,1,울산
2024-03-21 18:55:00,Outbound,기타문의,487,상담자5,26364,보류,4,대전
2024-03-16 10:04:00,Outbound,상품문의(요금제),189,상담자13,45533,보류,5,인천
2024-03-06 22:18:00,Inbound,가입/해지,180,상담자38,69922,해결,1,대구
2024-03-12 19:19:00,Outbound,상품문의(요금제),258,상담자28,94167,보류,5,경기
2024-03-11 03:20:00,Inbound,기타문의,799,상담자14,86941,처리 중,1,충남
2024-03-06 01:30:00,Outbound,상품문의(요금제),214,상담자24,82976,보류,2,서울
2024-03-15 19:01:00,Outbound,AS/장애,590,상담자25,72602,보류,4,충남
2024-03-10 07:34:00,Inbound,기타문의,352,상담자27,67766,처리 중,4,부산
2024-03-12 06:07:00,Inbound,AS/장애,272,상담자46,81163,처리 중,3,울산
2024-03-01 10:03:00,Inbound,비용/청구,126,상담자36,14531,보류,5,전남
2024-03-06 20:46:00,Inbound,상품문의(요금제),197,상담자11,10062,처리 중,4,충북
2024-03-13 09:12:00,Inbound,비용/청구,413,상담자45,54441,처리 중,5,울산
2024-03-17 17:07:00,Outbound,상품문의(요금제),900,상담자20,13155,해결,3,광주
2024-03-01 04:53:00,Inbound,기타문의,163,상담자36,40503,보류,3,경남
2024-03-10 17:46:00,Outbound,비용/청구,253,상담자14,10766,보류,2,전남
2024-03-22 06:18:00,Outbound,가입/해지,452,상담자39,32760,보류,4,대구
2024-03-15 15:53:00,Outbound,상품문의(요금제),801,상담자48,62043,처리 중,4,전북
2024-03-27 00:56:00,Outbound,AS/장애,187,상담자31,95214,보류,3,인천
2024-03-17 11:52:00,Inbound,비용/청구,376,상담자41,70589,해결,3,울산
2024-03-14 07:42:00,Inbound,AS/장애,322,상담자43,87608,보류,1,경기
2024-03-04 16:08:00,Inbound,AS/장애,71,상담자50,63473,해결,3,광주
2024-03-02 04:24:00,Inbound,상품문의(요금제),677,상담자40,87039,처리 중,2,광주
2024-03-11 05:39:00,Inbound,상품문의(요금제),150,상담자40,34474,해결,3,경남
2024-03-23 09:51:00,Inbound,비용/청구,246,상담자17,83864,처리 중,3,경남
2024-03-02 15:15:00,Outbound,기타문의,733,상담자20,97524,해결,5,울산
2024-03-11 19:46:00,Outbound,비용/청구,222,상담자11,17159,해결,3,인천
2024-03-18 05:19:00,Outbound,AS/장애,691,상담자43,46285,해결,5,서울
2024-03-18 01:41:00,Inbound,상품문의(요금제),895,상담자6,65724,처리 중,4,충북
2024-03-07 15:32:00,Outbound,상품문의(요금제),687,상담자37,83920,해결,4,전남
2024-03-26 02:24:00,Inbound,AS/장애,690,상담자29,57595,보류,2,부산
2024-03-12 07:20:00,Outbound,기타문의,310,상담자4,63019,보류,1,충북
2024-03-01 00:55:00,Outbound,AS/장애,100,상담자41,58014,해결,2,경남
2024-03-20 21:11:00,Outbound,AS/장애,320,상담자35,73754,처리 중,2,경북
2024-04-27 02:03:00,Outbound,가입/해지,618,상담자46,77477,처리 중,1,대구
2024-04-14 06:52:00,Outbound,기타문의,683,상담자27,30566,보류,5,경남
2024-04-11 01:39:00,Inbound,기타문의,90,상담자7,28749,보류,2,부산
2024-03-31 18:49:00,Inbound,비용/청구,66,상담자33,14845,처리 중,1,충남
2024-04-23 11:01:00,Outbound,AS/장애,760,상담자38,82954,보류,1,충북
2024-04-23 10:45:00,Outbound,가입/해지,118,상담자15,32629,해결,2,경기
2024-04-05 16:50:00,Inbound,AS/장애,452,상담자38,38977,처리 중,2,경북
2024-03-31 02:59:00,Outbound,AS/장애,881,상담자9,46238,보류,3,경기
2024-04-04 15:35:00,Inbound,가입/해지,710,상담자14,63567,보류,1,인천
2024-04-17 06:24:00,Outbound,상품문의(요금제),851,상담자10,79305,처리 중,3,광주
2024-04-26 08:07:00,Outbound,상품문의(요금제),141,상담자9,95829,처리 중,4,강원
2024-04-20 19:31:00,Inbound,AS/장애,471,상담자31,96610,보류,2,대전
2024-04-09 00:30:00,Inbound,가입/해지,377,상담자9,85925,해결,2,제주
2024-04-14 23:40:00,Inbound,비용/청구,140,상담자24,59540,해결,5,전북
2024-04-08 10:23:00,Inbound,기타문의,457,상담자36,87584,해결,4,광주
2024-04-09 11:19:00,Inbound,가입/해지,303,상담자36,34393,처리 중,2,경북
2024-04-07 16:19:00,Outbound,기타문의,581,상담자2,11321,해결,4,인천
2024-04-20 00:44:00,Outbound,비용/청구,501,상담자1,24911,보류,4,광주
2024-04-17 17:59:00,Inbound,AS/장애,705,상담자39,97180,보류,4,강원
2024-04-26 04:17:00,Outbound,가입/해지,601,상담자16,67190,처리 중,1,광주
2024-04-04 13:33:00,Outbound,상품문의(요금제),217,상담자3,17150,해결,2,경남
2024-04-21 20:07:00,Outbound,AS/장애,446,상담자6,12853,보류,5,대구
2024-04-16 08:38:00,Inbound,가입/해지,608,상담자9,29772,해결,3,경기
2024-04-21 03:36:00,Outbound,비용/청구,720,상담자29,19815,처리 중,5,광주
2024-04-03 17:42:00,Outbound,기타문의,264,상담자19,82589,보류,1,강원
2024-04-01 05:45:00,Outbound,AS/장애,77,상담자13,96882,처리 중,4,대구
2024-04-27 14:02:00,Inbound,기타문의,75,상담자45,11949,보류,3,충북
2024-03-31 05:57:00,Inbound,비용/청구,789,상담자26,26839,처리 중,3,충북
2024-04-24 00:18:00,Inbound,기타문의,118,상담자2,72999,처리 중,5,울산
2024-04-05 02:29:00,Outbound,AS/장애,232,상담자33,57299,처리 중,5,제주
2024-04-05 08:14:00,Outbound,AS/장애,748,상담자43,42181,처리 중,5,충남
2024-04-08 04:08:00,Inbound,상품문의(요금제),544,상담자12,60621,처리 중,3,광주
2024-04-13 01:08:00,Inbound,AS/장애,60,상담자20,64251,해결,2,광주
2024-04-21 17:21:00,Outbound,기타문의,713,상담자32,58133,해결,3,부산
2024-04-09 07:57:00,Inbound,AS/장애,470,상담자41,99025,해결,3,서울
2024-04-20 18:57:00,Inbound,가입/해지,380,상담자50,52893,해결,4,강원
2024-04-25 19:20:00,Outbound,기타문의,507,상담자4,58921,보류,4,대전
2024-04-19 13:06:00,Inbound,기타문의,657,상담자1,49071,처리 중,4,전북
2024-04-21 21:34:00,Outbound,비용/청구,419,상담자31,27528,처리 중,1,충북
2024-04-15 03:20:00,Inbound,상품문의(요금제),149,상담자42,83971,처리 중,5,전남
2024-04-05 01:37:00,Outbound,기타문의,596,상담자33,34145,보류,1,서울
2024-04-08 05:06:00,Outbound,기타문의,169,상담자21,37942,보류,2,대전
2024-04-15 01:20:00,Outbound,상품문의(요금제),95,상담자32,95273,처리 중,5,경남
2024-04-03 23:41:00,Outbound,AS/장애,464,상담자22,68315,보류,2,충북
2024-04-06 22:15:00,Inbound,기타문의,896,상담자27,58885,처리 중,1,경남
2024-04-25 14:35:00,Inbound,AS/장애,487,상담자3,87029,보류,1,울산
2024-04-17 04:46:00,Outbound,AS/장애,666,상담자47,75945,처리 중,1,경기
2024-04-07 15:35:00,Outbound,AS/장애,654,상담자15,16641,처리 중,3,경기
2024-04-17 00:10:00,Outbound,상품문의(요금제),161,상담자50,77071,처리 중,4,인천
2024-04-24 11:45:00,Inbound,AS/장애,546,상담자20,74188,보류,1,전북
2024-04-12 12:58:00,Outbound,기타문의,707,상담자16,10188,해결,3,경북
2024-04-10 07:43:00,Inbound,상품문의(요금제),571,상담자2,10807,해결,1,인천
2024-04-18 14:01:00,Outbound,가입/해지,423,상담자48,91512,보류,5,대전
2024-04-28 04:29:00,Inbound,가입/해지,821,상담자47,89822,보류,5,경남
2024-04-08 06:27:00,Inbound,가입/해지,835,상담자49,46098,보류,2,서울
2024-04-11 04:21:00,Outbound,비용/청구,145,상담자39,58400,보류,5,전북
2024-04-07 07:23:00,Outbound,기타문의,286,상담자11,11096,보류,3,광주
2024-04-06 07:31:00,Outbound,가입/해지,803,상담자19,82783,해결,2,제주
2024-04-09 16:38:00,Inbound,AS/장애,839,상담자21,57200,보류,4,인천
2024-04-14 03:16:00,Outbound,기타문의,805,상담자47,19292,처리 중,3,울산
2024-04-21 01:56:00,Outbound,AS/장애,115,상담자44,70922,해결,4,광주
2024-04-28 22:17:00,Outbound,비용/청구,651,상담자44,60906,처리 중,2,전남
2024-04-13 23:35:00,Outbound,AS/장애,435,상담자46,44862,처리 중,1,충북
2024-04-08 06:16:00,Outbound,상품문의(요금제),393,상담자42,61944,보류,3,대구
2024-04-13 22:20:00,Outbound,비용/청구,736,상담자43,40387,해결,4,대구
2024-04-09 09:24:00,Inbound,AS/장애,518,상담자47,32901,처리 중,2,강원
2024-04-08 14:23:00,Inbound,비용/청구,221,상담자18,71283,해결,4,부산
2024-04-07 15:55:00,Inbound,상품문의(요금제),467,상담자19,32084,처리 중,2,울산
2024-04-26 20:53:00,Inbound,기타문의,464,상담자7,31286,처리 중,4,경북
2024-03-31 02:00:00,Inbound,상품문의(요금제),723,상담자10,78775,처리 중,2,부산
2024-04-21 16:54:00,Outbound,상품문의(요금제),453,상담자49,88664,보류,1,서울
2024-04-15 13:35:00,Inbound,기타문의,645,상담자40,49797,보류,2,부산
2024-04-26 21:09:00,Outbound,상품문의(요금제),759,상담자50,68801,처리 중,4,충남
2024-04-17 18:04:00,Inbound,비용/청구,79,상담자45,31966,보류,4,광주
2024-04-04 19:27:00,Inbound,가입/해지,775,상담자19,80613,보류,5,전북
2024-04-26 04:10:00,Outbound,가입/해지,283,상담자40,44192,해결,2,인천
2024-04-21 04:45:00,Outbound,상품문의(요금제),622,상담자7,38339,처리 중,5,강원
2024-04-08 17:54:00,Outbound,AS/장애,597,상담자42,56914,해결,1,제주
2024-04-13 12:49:00,Inbound,비용/청구,637,상담자40,65076,처리 중,4,인천
2024-04-27 11:39:00,Outbound,가입/해지,207,상담자33,69212,보류,3,광주
2024-04-20 05:35:00,Outbound,AS/장애,188,상담자5,91296,보류,1,강원
2024-04-26 15:26:00,Inbound,AS/장애,570,상담자45,83899,보류,2,전남
2024-04-03 13:35:00,Inbound,AS/장애,84,상담자32,14719,해결,1,서울
2024-04-15 00:58:00,Inbound,비용/청구,345,상담자29,36490,처리 중,3,전북
2024-04-19 08:05:00,Outbound,기타문의,443,상담자24,66014,해결,2,경남
2024-04-25 12:15:00,Inbound,가입/해지,784,상담자30,52642,보류,3,경남
2024-04-02 10:59:00,Outbound,가입/해지,102,상담자50,79047,처리 중,5,강원
2024-04-11 05:31:00,Outbound,기타문의,737,상담자22,44782,보류,1,경기
2024-04-15 02:25:00,Outbound,비용/청구,620,상담자1,41013,해결,5,전북
2024-03-31 04:49:00,Inbound,가입/해지,147,상담자45,82352,보류,5,대전
2024-04-10 13:18:00,Inbound,비용/청구,184,상담자21,11607,보류,3,서울
2024-04-01 23:10:00,Outbound,비용/청구,244,상담자2,28894,보류,3,대전
2024-04-03 16:10:00,Inbound,AS/장애,354,상담자2,30320,해결,3,경북
2024-04-22 16:34:00,Outbound,상품문의(요금제),111,상담자29,60562,처리 중,2,서울
2024-04-09 16:38:00,Outbound,기타문의,863,상담자35,42980,해결,3,경남
2024-04-08 10:46:00,Outbound,AS/장애,720,상담자49,73519,처리 중,5,부산
2024-04-22 20:33:00,Inbound,기타문의,808,상담자41,41845,보류,3,인천
2024-04-05 21:34:00,Outbound,가입/해지,203,상담자22,58701,해결,4,경남
2024-04-17 10:02:00,Inbound,비용/청구,131,상담자50,81589,처리 중,1,충남
2024-04-19 23:14:00,Outbound,상품문의(요금제),829,상담자5,61829,보류,2,경남
2024-03-31 09:50:00,Outbound,AS/장애,575,상담자3,35785,보류,1,경북
2024-04-21 09:52:00,Inbound,AS/장애,431,상담자32,70379,해결,4,경기
2024-04-15 06:45:00,Inbound,AS/장애,363,상담자11,18455,처리 중,3,강원
2024-04-14 11:45:00,Outbound,상품문의(요금제),263,상담자11,75095,처리 중,5,경남
2024-04-11 07:43:00,Inbound,상품문의(요금제),426,상담자50,23222,해결,2,서울
2024-04-08 18:01:00,Inbound,가입/해지,141,상담자36,60218,처리 중,5,울산
2024-04-23 11:14:00,Outbound,상품문의(요금제),683,상담자22,16015,해결,3,전남
2024-04-04 05:41:00,Inbound,비용/청구,481,상담자50,49768,보류,5,경기
2024-04-14 19:58:00,Outbound,AS/장애,307,상담자12,65458,처리 중,1,강원
2024-03-31 07:25:00,Outbound,가입/해지,885,상담자39,97466,처리 중,4,서울
2024-04-07 06:02:00,Outbound,상품문의(요금제),545,상담자22,40913,보류,4,강원
2024-04-14 13:21:00,Inbound,상품문의(요금제),526,상담자7,69800,보류,2,서울
2024-04-09 05:24:00,Outbound,AS/장애,294,상담자46,25426,보류,3,울산
2024-04-01 06:31:00,Inbound,가입/해지,247,상담자24,25065,처리 중,5,제주
2024-04-10 14:53:00,Inbound,상품문의(요금제),518,상담자5,51068,처리 중,2,제주
2024-04-02 20:31:00,Outbound,상품문의(요금제),155,상담자24,83329,보류,3,제주
2024-04-20 10:29:00,Outbound,가입/해지,391,상담자38,36150,처리 중,1,광주
2024-04-22 19:04:00,Outbound,상품문의(요금제),463,상담자5,80812,해결,5,경남
2024-04-16 17:38:00,Inbound,AS/장애,328,상담자30,82463,처리 중,1,울산
2024-04-05 07:32:00,Inbound,상품문의(요금제),701,상담자16,47121,해결,5,제주
2024-04-15 16:29:00,Inbound,가입/해지,791,상담자44,36042,처리 중,1,인천
2024-04-09 21:27:00,Outbound,가입/해지,619,상담자11,63083,해결,2,경북
2024-04-27 13:41:00,Outbound,가입/해지,894,상담자32,73064,해결,2,울산
2024-04-06 11:59:00,Inbound,상품문의(요금제),751,상담자1,28448,보류,5,대전
2024-04-24 08:17:00,Outbound,가입/해지,770,상담자18,26107,처리 중,2,경기
2024-04-18 17:24:00,Inbound,가입/해지,526,상담자16,33082,해결,4,서울
2024-04-12 07:16:00,Inbound,AS/장애,732,상담자34,11275,처리 중,5,경기
2024-04-07 19:08:00,Outbound,AS/장애,129,상담자24,71647,처리 중,1,부산
2024-04-17 01:14:00,Outbound,비용/청구,231,상담자44,48564,보류,1,전북
2024-04-03 09:28:00,Outbound,AS/장애,346,상담자4,29052,해결,1,충북
2024-04-15 17:58:00,Outbound,비용/청구,645,상담자49,32367,처리 중,1,충남
2024-04-21 18:24:00,Inbound,기타문의,601,상담자2,65229,해결,1,전남
2024-04-11 01:31:00,Inbound,가입/해지,751,상담자14,28735,해결,4,전북
2024-04-20 08:56:00,Inbound,상품문의(요금제),811,상담자36,14657,보류,5,광주
2024-04-23 23:25:00,Outbound,상품문의(요금제),448,상담자11,25071,해결,3,제주
2024-04-26 11:06:00,Outbound,기타문의,141,상담자39,98865,보류,3,서울
2024-04-27 22:59:00,Inbound,기타문의,840,상담자6,64438,처리 중,3,경남
2024-04-10 10:51:00,Outbound,비용/청구,68,상담자37,35188,해결,1,광주
2024-04-06 15:44:00,Inbound,기타문의,357,상담자43,58887,해결,4,전남
2024-04-10 01:51:00,Outbound,상품문의(요금제),111,상담자43,53326,해결,5,서울
2024-04-27 21:19:00,Outbound,AS/장애,237,상담자1,43608,보류,3,경북
2024-03-31 14:25:00,Outbound,비용/청구,220,상담자50,27142,처리 중,3,충북
2024-04-10 04:14:00,Inbound,비용/청구,595,상담자11,96076,보류,4,경북
2024-04-05 14:45:00,Outbound,가입/해지,539,상담자44,11670,보류,4,강원
2024-04-07 11:43:00,Inbound,AS/장애,443,상담자27,52212,처리 중,1,대구
2024-04-02 20:26:00,Inbound,비용/청구,522,상담자15,96712,보류,4,울산
2024-04-24 05:32:00,Inbound,가입/해지,346,상담자21,89733,해결,1,제주
2024-04-12 16:56:00,Inbound,기타문의,130,상담자3,31900,보류,4,경기
2024-04-17 08:49:00,Outbound,상품문의(요금제),705,상담자38,67709,처리 중,3,경북
2024-04-19 14:51:00,Outbound,상품문의(요금제),259,상담자30,73212,처리 중,4,대구
2024-04-13 07:17:00,Outbound,기타문의,327,상담자27,22864,처리 중,4,대전
2024-04-12 02:27:00,Inbound,기타문의,599,상담자27,22306,보류,3,대구
2024-04-21 04:43:00,Inbound,가입/해지,444,상담자22,58226,보류,3,대구
2024-04-13 17:45:00,Inbound,상품문의(요금제),475,상담자25,49924,처리 중,1,대구
2024-04-15 03:32:00,Outbound,가입/해지,550,상담자30,44126,해결,3,전남
2024-04-23 00:51:00,Outbound,기타문의,252,상담자9,80423,해결,5,충북
2024-04-01 00:14:00,Inbound,기타문의,316,상담자29,57204,보류,4,경기
2024-04-05 12:00:00,Inbound,기타문의,416,상담자40,86003,해결,4,경북
2024-03-31 00:00:00,Inbound,가입/해지,193,상담자6,37029,해결,3,충북
2024-04-15 22:40:00,Outbound,AS/장애,142,상담자5,76181,처리 중,4,대구
2024-04-15 09:04:00,Outbound,기타문의,482,상담자42,12996,처리 중,1,충북
2024-04-11 16:22:00,Inbound,상품문의(요금제),468,상담자6,74980,보류,4,전북
2024-04-25 01:48:00,Outbound,비용/청구,681,상담자47,85083,해결,2,대전
2024-04-25 08:53:00,Outbound,기타문의,491,상담자5,60201,해결,1,충북
2024-04-18 13:48:00,Inbound,기타문의,755,상담자24,50284,보류,1,충북
2024-04-11 20:51:00,Outbound,비용/청구,763,상담자13,51298,보류,1,광주
2024-03-31 11:15:00,Inbound,AS/장애,595,상담자19,47051,해결,5,대전
2024-04-20 18:12:00,Outbound,상품문의(요금제),223,상담자38,24695,보류,5,경남
2024-04-22 11:59:00,Inbound,AS/장애,767,상담자6,91202,보류,1,경기
2024-04-21 08:05:00,Outbound,상품문의(요금제),686,상담자14,64422,처리 중,4,부산
2024-04-24 01:54:00,Outbound,가입/해지,478,상담자46,32162,해결,2,경남
2024-04-07 15:37:00,Inbound,상품문의(요금제),473,상담자42,82314,처리 중,4,전남
2024-04-12 12:18:00,Outbound,가입/해지,177,상담자31,74441,해결,5,인천
2024-04-14 21:52:00,Outbound,기타문의,813,상담자6,88663,처리 중,1,대구
2024-04-01 14:37:00,Inbound,상품문의(요금제),225,상담자3,85754,보류,4,경기
2024-04-11 15:42:00,Outbound,AS/장애,385,상담자42,10746,보류,1,광주
2024-04-03 19:27:00,Inbound,상품문의(요금제),585,상담자3,72084,해결,1,울산
2024-04-19 03:38:00,Outbound,상품문의(요금제),445,상담자48,99833,처리 중,5,광주
2024-04-06 16:42:00,Inbound,가입/해지,104,상담자35,77750,해결,2,서울
2024-04-04 19:16:00,Outbound,비용/청구,297,상담자18,67100,보류,5,강원
2024-04-24 14:57:00,Outbound,가입/해지,149,상담자25,71909,처리 중,4,서울
2024-04-01 11:56:00,Inbound,상품문의(요금제),681,상담자27,75806,해결,1,제주
2024-04-17 04:37:00,Inbound,상품문의(요금제),202,상담자16,48961,해결,1,대전
2024-04-16 23:16:00,Outbound,가입/해지,381,상담자31,68041,해결,4,울산
2024-04-28 22:10:00,Inbound,상품문의(요금제),215,상담자12,79561,처리 중,1,인천
2024-04-15 02:58:00,Inbound,상품문의(요금제),709,상담자33,66124,해결,4,울산
2024-04-04 18:20:00,Outbound,비용/청구,523,상담자9,84088,처리 중,4,경북
2024-04-07 17:47:00,Outbound,가입/해지,586,상담자11,95239,보류,1,부산
2024-04-16 21:53:00,Inbound,상품문의(요금제),533,상담자21,36292,처리 중,1,충남
2024-04-14 05:13:00,Outbound,상품문의(요금제),544,상담자23,97725,해결,3,인천
2024-04-22 08:29:00,Inbound,AS/장애,481,상담자9,67507,처리 중,4,대구
2024-03-31 21:52:00,Outbound,가입/해지,702,상담자48,40094,해결,1,전북
2024-04-03 02:18:00,Inbound,상품문의(요금제),455,상담자40,60213,해결,2,경남
2024-04-09 15:31:00,Outbound,기타문의,552,상담자7,70850,해결,4,제주
2024-04-18 04:51:00,Inbound,상품문의(요금제),766,상담자46,80063,해결,1,강원
2024-04-22 20:04:00,Inbound,AS/장애,816,상담자4,94844,처리 중,4,강원
2024-04-25 01:32:00,Outbound,기타문의,361,상담자25,28029,해결,1,충남
2024-04-12 21:13:00,Outbound,AS/장애,465,상담자30,35858,처리 중,5,부산
2024-04-23 23:19:00,Inbound,비용/청구,623,상담자49,76578,해결,2,대전
2024-04-10 15:35:00,Outbound,기타문의,615,상담자4,19364,처리 중,4,경기
2024-03-31 03:49:00,Inbound,상품문의(요금제),759,상담자35,30339,처리 중,1,서울
2024-04-14 04:58:00,Outbound,비용/청구,270,상담자32,19230,보류,4,광주
2024-04-02 12:47:00,Inbound,가입/해지,315,상담자15,75228,해결,2,부산
2024-04-19 10:45:00,Inbound,가입/해지,205,상담자27,75371,해결,2,경남
2024-04-02 17:23:00,Inbound,AS/장애,652,상담자33,78367,처리 중,3,부산
2024-04-14 03:14:00,Inbound,가입/해지,347,상담자22,71482,보류,3,인천
2024-04-27 04:37:00,Outbound,가입/해지,507,상담자47,48331,보류,1,경남
2024-04-18 10:00:00,Inbound,기타문의,147,상담자7,34632,해결,2,광주
2024-04-03 02:47:00,Outbound,AS/장애,335,상담자34,25401,처리 중,1,경북
2024-04-20 06:55:00,Outbound,AS/장애,183,상담자8,12171,처리 중,2,경북
2024-04-09 02:22:00,Inbound,가입/해지,429,상담자11,53714,처리 중,3,충북
2024-03-31 22:32:00,Inbound,가입/해지,812,상담자21,81669,해결,5,경북
2024-04-28 11:18:00,Outbound,기타문의,760,상담자5,21990,해결,2,대구
2024-04-17 14:27:00,Inbound,가입/해지,123,상담자4,41250,보류,5,충남
2024-04-09 21:51:00,Inbound,기타문의,147,상담자15,47282,처리 중,4,서울
2024-04-01 04:02:00,Outbound,AS/장애,493,상담자19,52056,해결,2,충남
2024-04-11 12:40:00,Outbound,비용/청구,253,상담자21,70324,처리 중,5,전북
2024-04-23 12:38:00,Outbound,기타문의,542,상담자20,87803,해결,5,제주
2024-04-13 12:23:00,Inbound,기타문의,315,상담자50,19228,처리 중,1,대전
2024-04-20 12:28:00,Outbound,기타문의,896,상담자20,97563,해결,1,충북
2024-04-03 13:27:00,Inbound,상품문의(요금제),124,상담자4,59664,처리 중,1,강원
2024-04-07 04:25:00,Inbound,비용/청구,733,상담자14,76687,처리 중,2,경북
2024-04-15 17:51:00,Outbound,AS/장애,643,상담자11,71394,해결,5,서울
2024-04-12 15:51:00,Outbound,상품문의(요금제),342,상담자23,92957,해결,1,전남
2024-04-21 07:28:00,Inbound,비용/청구,817,상담자30,58836,처리 중,3,경북
2024-04-15 03:16:00,Outbound,상품문의(요금제),383,상담자40,13671,해결,1,서울
2024-04-28 11:31:00,Inbound,비용/청구,393,상담자43,67170,처리 중,4,서울
2024-04-14 00:46:00,Inbound,기타문의,561,상담자33,59465,처리 중,3,경북
2024-04-10 17:27:00,Outbound,비용/청구,351,상담자15,69955,해결,2,경남
2024-04-13 13:49:00,Outbound,AS/장애,885,상담자48,78208,보류,2,제주
2024-04-13 01:19:00,Inbound,가입/해지,237,상담자12,88696,보류,5,충북
2024-04-26 14:36:00,Inbound,기타문의,691,상담자8,69962,해결,1,인천
2024-04-08 23:10:00,Outbound,AS/장애,859,상담자11,55532,처리 중,3,부산
2024-04-03 06:24:00,Outbound,가입/해지,518,상담자9,33194,처리 중,5,경북
2024-04-19 15:13:00,Inbound,가입/해지,805,상담자30,24465,해결,2,대전
2024-04-27 04:37:00,Inbound,AS/장애,204,상담자24,84388,해결,1,부산
2024-04-26 04:29:00,Inbound,기타문의,680,상담자39,44325,해결,5,제주
2024-04-13 18:29:00,Outbound,가입/해지,231,상담자18,25615,보류,1,광주
2024-04-06 07:02:00,Outbound,기타문의,785,상담자46,35909,보류,2,대구
2024-04-24 07:09:00,Inbound,가입/해지,613,상담자19,95903,처리 중,4,울산
2024-04-14 21:03:00,Inbound,기타문의,879,상담자30,92718,보류,3,대구
2024-04-21 04:58:00,Inbound,상품문의(요금제),611,상담자15,14776,처리 중,5,강원
2024-04-22 20:19:00,Outbound,AS/장애,895,상담자23,88650,보류,1,대전
2024-04-09 09:01:00,Inbound,AS/장애,842,상담자26,88837,해결,5,충남
2024-04-23 22:21:00,Outbound,상품문의(요금제),506,상담자6,90519,처리 중,3,서울
2024-04-26 19:27:00,Outbound,비용/청구,899,상담자21,63743,해결,5,강원
2024-04-24 15:18:00,Outbound,상품문의(요금제),196,상담자1,95899,처리 중,5,전남
2024-04-14 01:20:00,Inbound,기타문의,482,상담자21,65496,해결,4,경남
2024-04-10 11:48:00,Inbound,비용/청구,270,상담자15,71924,해결,3,충북
2024-04-22 03:26:00,Outbound,AS/장애,733,상담자5,58823,해결,1,경남
2024-04-21 13:22:00,Inbound,가입/해지,576,상담자14,13200,보류,2,경기
2024-04-17 21:37:00,Outbound,가입/해지,91,상담자15,36171,처리 중,5,경북
2024-04-10 19:46:00,Outbound,상품문의(요금제),625,상담자39,86596,보류,4,울산
2024-04-04 12:45:00,Inbound,비용/청구,428,상담자37,30224,해결,2,경남
2024-04-06 06:03:00,Inbound,비용/청구,521,상담자26,70002,보류,4,대전
2024-04-08 20:50:00,Outbound,비용/청구,712,상담자36,74448,처리 중,3,부산
2024-04-15 08:21:00,Inbound,기타문의,654,상담자42,81881,보류,5,제주
2024-04-08 13:26:00,Outbound,상품문의(요금제),722,상담자34,32577,처리 중,5,대전
2024-04-04 04:03:00,Outbound,상품문의(요금제),510,상담자15,75091,처리 중,4,전북
2024-04-01 02:12:00,Outbound,비용/청구,707,상담자26,17383,해결,5,인천
2024-04-01 17:51:00,Inbound,비용/청구,334,상담자34,93910,처리 중,2,대구
2024-04-17 10:39:00,Inbound,가입/해지,581,상담자20,47513,해결,3,대구
2024-04-10 23:21:00,Inbound,기타문의,134,상담자47,18216,해결,5,경남
2024-04-15 08:56:00,Outbound,상품문의(요금제),463,상담자38,33375,처리 중,2,서울
2024-04-25 23:26:00,Inbound,AS/장애,531,상담자41,90687,해결,2,강원
2024-04-25 19:45:00,Inbound,기타문의,875,상담자37,41829,보류,3,강원
2024-04-22 09:13:00,Outbound,기타문의,96,상담자3,44797,처리 중,3,대전
2024-04-28 00:52:00,Inbound,AS/장애,556,상담자30,29913,보류,5,경북
2024-03-31 19:02:00,Inbound,비용/청구,582,상담자36,80125,보류,4,충남
2024-04-17 15:56:00,Outbound,기타문의,493,상담자9,15653,해결,3,대전
2024-04-06 14:24:00,Outbound,기타문의,234,상담자8,17531,보류,5,인천
2024-04-16 14:25:00,Inbound,기타문의,576,상담자24,71295,해결,1,부산
2024-04-21 12:36:00,Inbound,기타문의,469,상담자35,77327,해결,2,광주
2024-04-19 00:50:00,Inbound,AS/장애,158,상담자50,99894,처리 중,3,전북
2024-04-20 14:03:00,Inbound,기타문의,225,상담자33,22097,처리 중,2,충북
2024-04-03 06:31:00,Outbound,상품문의(요금제),259,상담자30,24893,해결,2,경남
2024-04-21 03:05:00,Outbound,상품문의(요금제),541,상담자31,60013,해결,4,광주
2024-04-17 21:39:00,Outbound,상품문의(요금제),137,상담자23,91980,해결,5,충남
2024-04-23 12:20:00,Inbound,AS/장애,505,상담자18,53185,해결,1,대구
2024-04-12 22:49:00,Inbound,상품문의(요금제),292,상담자6,48077,해결,1,서울
2024-04-17 11:57:00,Inbound,가입/해지,799,상담자6,72997,해결,1,제주
2024-04-14 10:11:00,Outbound,상품문의(요금제),318,상담자32,10422,해결,3,경북
2024-04-24 03:18:00,Inbound,기타문의,360,상담자50,20940,보류,2,부산
2024-04-01 18:19:00,Outbound,기타문의,741,상담자37,80477,처리 중,2,경북
2024-04-05 00:52:00,Inbound,가입/해지,890,상담자3,72139,처리 중,2,충북
2024-04-18 16:53:00,Outbound,기타문의,894,상담자11,83303,처리 중,4,경북
2024-04-23 23:53:00,Outbound,AS/장애,576,상담자16,88588,처리 중,4,전북
2024-04-26 08:49:00,Inbound,AS/장애,791,상담자26,17810,보류,4,대구
2024-04-08 16:45:00,Inbound,상품문의(요금제),483,상담자6,84588,보류,2,충남
2024-04-16 23:55:00,Outbound,AS/장애,666,상담자16,92224,보류,4,서울
2024-04-02 23:39:00,Inbound,상품문의(요금제),502,상담자45,17940,해결,5,강원
2024-04-09 19:29:00,Outbound,비용/청구,716,상담자1,94023,처리 중,4,경북
2024-04-18 12:10:00,Inbound,AS/장애,230,상담자10,99267,해결,2,인천
2024-05-19 09:50:00,Inbound,비용/청구,449,상담자15,74582,처리 중,5,대구
2024-05-03 05:01:00,Inbound,상품문의(요금제),383,상담자32,41841,보류,1,대구
2024-05-24 19:37:00,Outbound,기타문의,72,상담자49,83218,처리 중,4,경기
2024-05-10 23:00:00,Inbound,상품문의(요금제),670,상담자34,81924,보류,5,전남
2024-05-05 15:38:00,Outbound,비용/청구,871,상담자40,78926,보류,3,경기
2024-05-01 15:17:00,Outbound,AS/장애,766,상담자22,54210,해결,3,경북
2024-05-23 23:06:00,Inbound,비용/청구,611,상담자23,71310,해결,3,대전
2024-05-18 06:08:00,Outbound,기타문의,551,상담자49,15898,해결,1,대구
2024-05-07 01:22:00,Inbound,AS/장애,808,상담자4,12381,처리 중,2,경북
2024-05-22 16:17:00,Inbound,기타문의,772,상담자9,73339,보류,4,경북
2024-05-13 07:58:00,Inbound,상품문의(요금제),265,상담자42,69608,해결,3,경기
2024-04-30 02:06:00,Outbound,가입/해지,618,상담자17,22827,처리 중,2,대구
2024-05-25 20:52:00,Outbound,상품문의(요금제),724,상담자18,91183,보류,4,대구
2024-05-22 05:15:00,Outbound,가입/해지,640,상담자32,38708,처리 중,3,전남
2024-05-20 06:26:00,Outbound,비용/청구,523,상담자43,38019,보류,2,전남
2024-05-07 08:18:00,Inbound,가입/해지,851,상담자41,11597,해결,4,강원
2024-05-07 16:31:00,Inbound,AS/장애,741,상담자18,18610,해결,1,경북
2024-05-09 19:01:00,Inbound,상품문의(요금제),535,상담자10,78698,해결,4,대전
2024-05-28 22:57:00,Inbound,상품문의(요금제),542,상담자41,86854,보류,2,인천
2024-05-03 03:21:00,Inbound,기타문의,427,상담자44,46713,처리 중,4,서울
2024-05-24 16:29:00,Inbound,AS/장애,329,상담자28,29132,보류,4,전남
2024-05-09 19:38:00,Inbound,가입/해지,81,상담자32,55090,처리 중,3,경북
2024-05-06 05:09:00,Outbound,비용/청구,765,상담자27,18589,보류,1,강원
2024-05-08 12:54:00,Outbound,비용/청구,689,상담자40,60067,해결,4,대전
2024-05-02 01:20:00,Outbound,AS/장애,394,상담자45,37679,해결,2,인천
2024-05-21 10:47:00,Outbound,상품문의(요금제),561,상담자24,96938,처리 중,4,강원
2024-05-18 14:15:00,Outbound,상품문의(요금제),799,상담자3,43404,보류,3,서울
2024-05-03 18:59:00,Inbound,비용/청구,70,상담자43,21515,보류,4,광주
2024-05-13 17:01:00,Inbound,비용/청구,756,상담자8,92196,처리 중,5,광주
2024-05-23 15:07:00,Inbound,비용/청구,269,상담자35,58231,보류,3,전남
2024-05-15 18:12:00,Inbound,AS/장애,272,상담자20,21583,처리 중,1,광주
2024-05-01 06:48:00,Outbound,상품문의(요금제),675,상담자43,28271,해결,3,울산
2024-05-04 12:50:00,Inbound,AS/장애,777,상담자48,89519,해결,4,전북
2024-05-26 05:32:00,Inbound,비용/청구,263,상담자6,77009,해결,1,충북
2024-05-13 15:27:00,Outbound,상품문의(요금제),353,상담자32,79561,해결,1,전남
2024-05-12 15:16:00,Outbound,비용/청구,349,상담자9,14365,해결,4,충남
2024-05-08 02:36:00,Outbound,상품문의(요금제),702,상담자39,64178,보류,4,강원
2024-05-11 20:45:00,Outbound,가입/해지,296,상담자23,31896,보류,3,대전
2024-05-09 04:11:00,Outbound,가입/해지,84,상담자25,24196,해결,4,대전
2024-05-16 18:21:00,Inbound,상품문의(요금제),391,상담자17,53223,처리 중,5,전북
2024-05-13 06:41:00,Inbound,비용/청구,137,상담자39,54366,보류,1,충남
2024-05-26 14:01:00,Outbound,기타문의,770,상담자35,37580,보류,1,부산
2024-05-18 11:19:00,Inbound,가입/해지,494,상담자46,98940,처리 중,2,제주
2024-05-15 16:41:00,Outbound,기타문의,560,상담자30,59920,보류,4,전북
2024-05-07 05:34:00,Outbound,비용/청구,642,상담자24,32125,처리 중,3,제주
2024-05-28 04:01:00,Outbound,가입/해지,454,상담자2,84958,처리 중,2,강원
2024-05-01 01:00:00,Inbound,AS/장애,289,상담자30,27976,해결,3,대구
2024-05-28 18:43:00,Outbound,비용/청구,733,상담자46,13162,처리 중,1,충남
2024-05-28 02:56:00,Outbound,비용/청구,614,상담자13,31169,처리 중,5,전남
2024-05-21 21:56:00,Outbound,AS/장애,458,상담자24,55495,보류,5,경남
2024-05-27 09:46:00,Inbound,비용/청구,523,상담자42,35036,해결,1,전남
2024-05-22 00:02:00,Inbound,AS/장애,744,상담자42,87483,보류,4,대구
2024-04-30 03:56:00,Outbound,상품문의(요금제),214,상담자5,74810,처리 중,1,울산
2024-05-27 03:22:00,Inbound,AS/장애,301,상담자44,19669,처리 중,3,광주
2024-05-02 22:51:00,Inbound,AS/장애,649,상담자15,79101,해결,5,부산
2024-05-21 21:30:00,Inbound,비용/청구,394,상담자37,47992,해결,4,광주
2024-05-06 05:26:00,Outbound,기타문의,867,상담자10,28264,해결,5,충북
2024-05-09 19:04:00,Outbound,기타문의,420,상담자5,43638,처리 중,3,충북
2024-05-11 14:51:00,Outbound,AS/장애,210,상담자37,47219,처리 중,5,전북
2024-05-07 06:43:00,Inbound,기타문의,311,상담자6,66897,처리 중,4,울산
2024-05-09 04:50:00,Inbound,상품문의(요금제),556,상담자23,47611,해결,2,전남
2024-05-17 14:43:00,Inbound,상품문의(요금제),307,상담자43,21593,해결,4,대전
2024-05-19 08:38:00,Inbound,AS/장애,90,상담자21,55162,보류,3,경남
2024-05-01 14:18:00,Inbound,기타문의,794,상담자40,73850,보류,4,강원
2024-05-04 19:51:00,Outbound,상품문의(요금제),803,상담자39,69205,처리 중,3,대전
2024-05-02 21:34:00,Inbound,가입/해지,431,상담자21,78378,보류,3,광주
2024-05-09 05:01:00,Inbound,비용/청구,493,상담자40,25565,해결,2,대전
2024-05-28 10:10:00,Outbound,가입/해지,604,상담자6,78552,보류,3,경북
2024-05-09 00:05:00,Outbound,기타문의,88,상담자9,44458,해결,3,대구
2024-05-25 17:31:00,Inbound,AS/장애,117,상담자32,91816,보류,3,경남
2024-05-17 15:49:00,Outbound,상품문의(요금제),90,상담자37,51624,해결,1,광주
2024-05-22 20:41:00,Outbound,가입/해지,713,상담자21,66993,처리 중,4,광주
2024-05-22 05:50:00,Inbound,상품문의(요금제),129,상담자5,47961,해결,5,대구
2024-05-18 05:57:00,Outbound,AS/장애,611,상담자18,43213,보류,3,강원
2024-05-21 12:09:00,Outbound,가입/해지,397,상담자26,64720,처리 중,3,경남
2024-05-01 10:52:00,Inbound,상품문의(요금제),737,상담자17,81663,보류,4,전북
2024-05-13 11:09:00,Inbound,상품문의(요금제),732,상담자23,87746,보류,4,인천
2024-05-07 15:35:00,Inbound,비용/청구,422,상담자29,84601,해결,4,대전
2024-05-17 01:47:00,Outbound,기타문의,233,상담자16,77612,처리 중,1,전남
2024-05-02 23:25:00,Inbound,비용/청구,754,상담자33,94795,처리 중,3,강원
2024-05-12 21:50:00,Outbound,상품문의(요금제),554,상담자23,21726,보류,3,전북
2024-05-16 21:44:00,Inbound,AS/장애,797,상담자34,69075,해결,2,전북
2024-05-09 06:40:00,Inbound,가입/해지,222,상담자43,67499,해결,3,대전
2024-05-19 22:02:00,Inbound,비용/청구,816,상담자16,58566,해결,5,인천
2024-05-07 20:56:00,Outbound,상품문의(요금제),567,상담자36,22449,보류,3,충북
2024-05-22 08:32:00,Inbound,상품문의(요금제),661,상담자43,92376,처리 중,3,제주
2024-05-05 19:59:00,Inbound,가입/해지,817,상담자14,75609,해결,1,서울
2024-05-18 15:10:00,Inbound,비용/청구,166,상담자47,68526,보류,1,서울
2024-05-21 18:10:00,Inbound,상품문의(요금제),392,상담자39,83582,처리 중,1,경기
2024-05-07 21:33:00,Outbound,상품문의(요금제),84,상담자23,10531,처리 중,5,충북
2024-05-27 13:01:00,Outbound,비용/청구,530,상담자35,58447,처리 중,1,제주
2024-05-20 07:40:00,Inbound,비용/청구,677,상담자30,96592,처리 중,4,광주
2024-05-28 12:16:00,Outbound,상품문의(요금제),161,상담자44,97334,보류,1,대구
2024-05-05 21:19:00,Outbound,가입/해지,587,상담자2,49113,해결,5,대전
2024-05-04 21:42:00,Inbound,비용/청구,409,상담자20,91671,처리 중,3,제주
2024-05-12 20:34:00,Inbound,기타문의,486,상담자38,93259,처리 중,2,제주
2024-05-23 10:56:00,Outbound,비용/청구,351,상담자35,31987,보류,2,울산
2024-05-13 13:14:00,Inbound,상품문의(요금제),126,상담자12,83392,처리 중,2,전남
2024-05-03 21:22:00,Inbound,기타문의,63,상담자46,75972,해결,1,충북
2024-05-12 15:21:00,Outbound,비용/청구,147,상담자16,23813,처리 중,5,서울
2024-05-08 19:13:00,Outbound,기타문의,758,상담자34,65694,보류,5,제주
2024-05-04 07:43:00,Outbound,비용/청구,389,상담자21,12909,보류,2,대구
2024-04-30 23:33:00,Outbound,기타문의,471,상담자27,20009,해결,2,전북
2024-05-09 16:36:00,Inbound,기타문의,837,상담자44,33647,보류,3,울산
2024-05-10 19:15:00,Outbound,상품문의(요금제),524,상담자27,49715,해결,5,대구
2024-05-25 03:02:00,Inbound,기타문의,280,상담자25,33335,보류,1,대구
2024-05-15 22:15:00,Inbound,AS/장애,836,상담자14,94591,해결,5,대구
2024-05-05 01:01:00,Inbound,비용/청구,215,상담자2,12604,처리 중,5,충북
2024-05-13 01:39:00,Inbound,비용/청구,549,상담자19,77401,보류,1,충북
2024-05-24 16:59:00,Outbound,비용/청구,281,상담자24,24426,처리 중,1,부산
2024-05-10 03:01:00,Inbound,AS/장애,168,상담자11,82446,해결,4,서울
2024-05-18 02:49:00,Outbound,가입/해지,484,상담자9,49822,처리 중,5,대전
2024-05-02 23:46:00,Inbound,비용/청구,213,상담자37,28122,보류,4,충북
2024-05-07 20:28:00,Outbound,기타문의,858,상담자40,54782,해결,1,광주
2024-05-09 13:23:00,Outbound,가입/해지,877,상담자1,23225,해결,5,부산
2024-05-07 05:15:00,Outbound,가입/해지,324,상담자42,85619,처리 중,3,서울
2024-05-26 14:36:00,Inbound,가입/해지,709,상담자3,76563,해결,5,부산
2024-05-01 11:15:00,Outbound,AS/장애,598,상담자7,32314,처리 중,5,강원
2024-05-28 10:45:00,Outbound,기타문의,250,상담자35,72425,처리 중,2,경기
2024-05-24 18:10:00,Outbound,기타문의,112,상담자4,21095,처리 중,1,충남
2024-05-28 02:51:00,Outbound,비용/청구,861,상담자10,10554,해결,2,전북
2024-05-04 09:31:00,Inbound,비용/청구,774,상담자20,50523,보류,3,제주
2024-05-23 01:16:00,Outbound,AS/장애,842,상담자30,80511,해결,5,서울
2024-05-03 04:23:00,Outbound,기타문의,561,상담자47,91249,보류,1,부산
2024-05-16 14:12:00,Inbound,AS/장애,261,상담자9,54426,처리 중,2,제주
2024-05-13 23:41:00,Inbound,가입/해지,387,상담자11,64529,보류,4,부산
2024-05-25 05:49:00,Outbound,비용/청구,293,상담자8,59742,보류,4,강원
2024-05-06 01:32:00,Outbound,기타문의,885,상담자39,89116,처리 중,3,부산
2024-05-24 16:28:00,Outbound,AS/장애,577,상담자14,58382,처리 중,5,경북
2024-05-15 03:17:00,Outbound,비용/청구,476,상담자3,18291,보류,2,경남
2024-05-05 06:32:00,Outbound,가입/해지,731,상담자5,51748,보류,2,전남
2024-05-08 20:40:00,Inbound,기타문의,285,상담자5,64879,보류,5,제주
2024-05-25 18:51:00,Inbound,기타문의,857,상담자41,16304,보류,3,경북
2024-04-30 18:41:00,Outbound,비용/청구,91,상담자30,68187,보류,5,충북
2024-05-11 14:48:00,Inbound,비용/청구,78,상담자12,57830,해결,3,전북
2024-05-03 01:31:00,Inbound,비용/청구,584,상담자37,17026,보류,5,경기
2024-05-18 02:00:00,Inbound,상품문의(요금제),735,상담자37,48700,보류,1,강원
2024-05-04 09:53:00,Outbound,기타문의,142,상담자11,54917,보류,4,경남
2024-05-27 18:52:00,Inbound,상품문의(요금제),198,상담자42,12589,보류,4,충북
2024-05-09 05:16:00,Outbound,기타문의,351,상담자13,61598,처리 중,1,부산
2024-05-02 12:50:00,Outbound,가입/해지,562,상담자46,97406,해결,3,인천
2024-05-04 13:09:00,Inbound,상품문의(요금제),411,상담자5,25056,보류,5,전남
2024-05-02 00:04:00,Outbound,AS/장애,64,상담자15,87104,처리 중,5,충북
2024-05-06 14:40:00,Outbound,AS/장애,702,상담자4,21143,처리 중,4,대구
2024-05-15 05:55:00,Outbound,비용/청구,756,상담자13,38901,해결,4,전남
2024-05-05 22:11:00,Outbound,AS/장애,331,상담자36,82851,보류,3,경남
2024-05-28 11:03:00,Outbound,가입/해지,361,상담자46,24910,보류,2,경남
2024-05-03 06:20:00,Outbound,비용/청구,389,상담자15,30720,보류,4,부산
2024-05-25 07:00:00,Inbound,AS/장애,205,상담자42,27170,해결,2,울산
2024-05-23 11:03:00,Inbound,비용/청구,209,상담자39,97155,보류,2,경북
2024-05-20 15:19:00,Inbound,가입/해지,765,상담자36,97410,보류,4,광주
2024-05-20 02:47:00,Inbound,기타문의,446,상담자4,76060,처리 중,1,서울
2024-05-05 13:34:00,Outbound,기타문의,179,상담자31,12148,보류,4,경남
2024-05-26 13:58:00,Outbound,비용/청구,686,상담자33,67632,해결,2,인천
2024-05-11 21:02:00,Inbound,상품문의(요금제),94,상담자47,30446,보류,3,충북
2024-05-28 12:39:00,Inbound,기타문의,813,상담자25,56933,처리 중,3,서울
2024-05-08 22:52:00,Inbound,상품문의(요금제),854,상담자10,52391,처리 중,5,대구
2024-05-23 02:05:00,Outbound,비용/청구,444,상담자10,49343,처리 중,1,광주
2024-05-19 15:05:00,Inbound,비용/청구,497,상담자47,68562,처리 중,2,경기
2024-05-04 23:45:00,Outbound,가입/해지,548,상담자12,99096,보류,2,강원
2024-05-25 22:14:00,Inbound,기타문의,626,상담자3,75951,해결,4,경북
2024-05-27 09:46:00,Outbound,비용/청구,428,상담자23,10379,해결,4,강원
2024-05-17 15:53:00,Inbound,상품문의(요금제),191,상담자20,46296,처리 중,4,충북
2024-05-01 19:42:00,Outbound,상품문의(요금제),328,상담자47,82314,처리 중,1,경남
2024-05-11 20:14:00,Inbound,AS/장애,569,상담자38,21001,보류,3,충남
2024-05-28 02:24:00,Outbound,가입/해지,604,상담자30,68750,처리 중,4,전남
2024-05-14 06:26:00,Outbound,상품문의(요금제),201,상담자16,50700,보류,4,전북
2024-05-13 21:52:00,Outbound,AS/장애,536,상담자15,18982,처리 중,3,경남
2024-05-08 04:18:00,Inbound,상품문의(요금제),897,상담자40,14662,해결,4,인천
2024-05-23 21:34:00,Outbound,기타문의,523,상담자10,70644,해결,4,광주
2024-05-14 23:58:00,Outbound,AS/장애,457,상담자33,39403,해결,5,부산
2024-05-07 20:37:00,Outbound,기타문의,289,상담자7,90802,해결,3,대구
2024-05-20 23:11:00,Outbound,AS/장애,666,상담자11,61343,해결,3,경기
2024-05-19 00:18:00,Outbound,가입/해지,456,상담자37,16280,해결,2,광주
2024-05-04 10:11:00,Inbound,상품문의(요금제),228,상담자9,85856,보류,3,대구
2024-05-17 21:43:00,Inbound,상품문의(요금제),569,상담자15,82851,해결,5,강원
2024-05-06 01:14:00,Outbound,상품문의(요금제),240,상담자12,84548,보류,5,충북
2024-05-10 20:43:00,Outbound,비용/청구,193,상담자29,29952,보류,4,경기
2024-05-01 07:11:00,Inbound,AS/장애,640,상담자15,41730,해결,1,서울
2024-05-20 03:01:00,Outbound,상품문의(요금제),780,상담자35,24824,해결,2,서울
2024-05-19 20:34:00,Inbound,AS/장애,609,상담자29,78452,해결,5,대구
2024-05-11 07:29:00,Outbound,AS/장애,418,상담자49,61668,처리 중,1,강원
2024-05-06 00:00:00,Outbound,비용/청구,859,상담자13,68893,보류,5,서울
2024-05-06 15:12:00,Outbound,기타문의,66,상담자36,42859,처리 중,1,광주
2024-05-25 18:39:00,Outbound,비용/청구,297,상담자3,20260,처리 중,5,제주
2024-05-17 04:23:00,Outbound,기타문의,272,상담자38,80118,보류,1,경기
2024-05-25 22:37:00,Inbound,상품문의(요금제),414,상담자3,79849,처리 중,5,충남
2024-05-13 23:48:00,Outbound,기타문의,648,상담자31,99412,보류,4,충남
2024-05-05 09:51:00,Inbound,비용/청구,179,상담자22,21480,보류,5,울산
2024-05-22 09:21:00,Inbound,상품문의(요금제),538,상담자14,65874,해결,2,서울
2024-05-19 13:27:00,Inbound,상품문의(요금제),810,상담자21,84625,처리 중,1,제주
2024-05-17 07:08:00,Outbound,비용/청구,612,상담자42,41094,보류,2,대전
2024-05-08 10:15:00,Inbound,상품문의(요금제),168,상담자27,75668,해결,3,전남
2024-05-24 14:02:00,Inbound,AS/장애,177,상담자34,18314,처리 중,5,대전
2024-05-08 06:22:00,Inbound,가입/해지,88,상담자34,27379,보류,1,충남
2024-05-17 02:32:00,Inbound,비용/청구,125,상담자32,38026,처리 중,2,광주
2024-05-20 17:13:00,Outbound,비용/청구,703,상담자25,96630,해결,2,충남
2024-05-07 01:45:00,Inbound,기타문의,440,상담자45,41242,해결,5,광주
2024-05-22 15:04:00,Outbound,상품문의(요금제),697,상담자22,51724,처리 중,1,부산
2024-05-09 04:24:00,Outbound,상품문의(요금제),319,상담자20,77892,보류,2,대구
2024-05-16 17:22:00,Inbound,비용/청구,693,상담자17,26109,처리 중,2,인천
2024-05-16 15:32:00,Inbound,가입/해지,553,상담자18,36834,보류,2,전북
2024-05-22 04:59:00,Inbound,비용/청구,538,상담자16,25633,처리 중,2,강원
2024-05-20 20:34:00,Inbound,상품문의(요금제),162,상담자39,46350,처리 중,3,서울
2024-05-28 07:45:00,Inbound,비용/청구,341,상담자32,95108,해결,2,부산
2024-05-24 15:39:00,Inbound,상품문의(요금제),827,상담자22,48910,처리 중,3,전북
2024-05-27 20:49:00,Inbound,가입/해지,889,상담자30,17866,해결,5,충북
2024-05-21 16:05:00,Outbound,상품문의(요금제),564,상담자46,81903,해결,2,충남
2024-05-15 15:49:00,Inbound,AS/장애,425,상담자22,63910,처리 중,5,대구
2024-05-04 13:43:00,Outbound,상품문의(요금제),350,상담자2,11254,해결,4,전남
2024-05-17 02:50:00,Inbound,AS/장애,606,상담자36,48802,보류,3,전북
2024-05-16 01:58:00,Outbound,상품문의(요금제),340,상담자49,42732,해결,1,광주
2024-05-07 12:11:00,Inbound,AS/장애,349,상담자23,90327,해결,3,광주
2024-05-24 14:11:00,Inbound,기타문의,250,상담자42,62879,해결,3,경기
2024-05-26 13:43:00,Outbound,가입/해지,167,상담자48,11050,해결,5,충남
2024-05-05 09:55:00,Inbound,AS/장애,325,상담자36,89110,처리 중,2,울산
2024-05-09 15:35:00,Inbound,기타문의,166,상담자31,78253,처리 중,4,경남
2024-05-21 05:53:00,Inbound,AS/장애,399,상담자49,28258,처리 중,4,광주
2024-04-30 11:27:00,Outbound,AS/장애,607,상담자37,52818,처리 중,4,전북
2024-05-05 15:34:00,Inbound,비용/청구,792,상담자1,85374,보류,3,경북
2024-05-10 09:31:00,Inbound,가입/해지,770,상담자30,65745,처리 중,5,대전
2024-05-15 11:33:00,Inbound,비용/청구,218,상담자33,50396,해결,2,충북
2024-05-17 12:32:00,Outbound,가입/해지,650,상담자32,54007,해결,1,전북
2024-05-17 15:28:00,Inbound,비용/청구,279,상담자46,27567,해결,2,부산
2024-05-12 00:18:00,Outbound,상품문의(요금제),291,상담자32,81787,해결,3,부산
2024-05-18 20:37:00,Inbound,가입/해지,450,상담자50,32443,해결,3,경기
2024-05-26 02:54:00,Outbound,상품문의(요금제),665,상담자43,75642,처리 중,4,충남
2024-05-21 22:47:00,Outbound,기타문의,631,상담자3,82950,보류,1,충북
2024-05-10 22:44:00,Outbound,AS/장애,118,상담자27,90331,처리 중,5,제주
2024-05-05 03:40:00,Inbound,기타문의,848,상담자12,10951,보류,5,서울
2024-05-24 17:47:00,Inbound,AS/장애,258,상담자26,23454,처리 중,1,대전
2024-05-25 22:48:00,Inbound,가입/해지,287,상담자1,80571,보류,3,경기
2024-05-17 02:08:00,Inbound,기타문의,665,상담자33,32286,해결,3,전북
2024-05-17 21:54:00,Inbound,AS/장애,658,상담자6,29708,해결,1,광주
2024-05-03 03:56:00,Inbound,상품문의(요금제),313,상담자20,32267,보류,4,제주
2024-05-04 06:17:00,Outbound,가입/해지,720,상담자40,21438,보류,4,경북
2024-05-06 13:27:00,Inbound,AS/장애,718,상담자45,65520,해결,5,충북
2024-05-25 23:16:00,Outbound,AS/장애,663,상담자21,32947,해결,4,경기
2024-05-05 21:24:00,Inbound,가입/해지,367,상담자17,94205,처리 중,5,전남
2024-05-20 10:57:00,Outbound,상품문의(요금제),457,상담자13,93825,해결,5,대전
2024-05-11 17:24:00,Outbound,AS/장애,647,상담자8,34270,해결,1,강원
2024-05-11 15:06:00,Outbound,상품문의(요금제),224,상담자24,27570,해결,2,전북
2024-05-13 06:42:00,Inbound,기타문의,383,상담자22,30076,보류,3,전남
2024-05-17 04:06:00,Inbound,비용/청구,438,상담자1,71119,보류,1,광주
2024-05-13 23:09:00,Inbound,가입/해지,175,상담자13,45478,해결,2,강원
2024-05-25 21:18:00,Outbound,가입/해지,496,상담자47,15560,해결,1,대전
2024-05-02 13:39:00,Outbound,기타문의,541,상담자44,95340,처리 중,2,울산
2024-05-03 12:04:00,Inbound,상품문의(요금제),404,상담자26,33352,보류,5,전남
2024-05-15 00:40:00,Outbound,기타문의,248,상담자34,17938,해결,1,경북
2024-05-19 05:39:00,Outbound,AS/장애,883,상담자29,30950,처리 중,4,경기
2024-05-18 18:27:00,Inbound,기타문의,159,상담자3,84077,처리 중,5,대구
2024-05-03 14:05:00,Outbound,기타문의,677,상담자35,55812,보류,5,대구
2024-05-28 17:09:00,Outbound,AS/장애,558,상담자43,31739,해결,2,부산
2024-05-22 16:36:00,Outbound,AS/장애,132,상담자46,48808,처리 중,1,충북
2024-05-05 11:20:00,Inbound,AS/장애,261,상담자19,79979,처리 중,1,제주
2024-05-27 13:57:00,Inbound,기타문의,577,상담자23,45263,보류,1,부산
2024-05-17 00:20:00,Inbound,기타문의,603,상담자37,95555,처리 중,4,경북
2024-05-09 05:15:00,Outbound,기타문의,881,상담자13,81969,해결,5,부산
2024-05-01 11:36:00,Inbound,가입/해지,264,상담자1,38905,해결,5,경기
2024-05-21 02:54:00,Outbound,기타문의,415,상담자34,50322,해결,4,전남
2024-05-17 05:50:00,Outbound,기타문의,170,상담자7,41634,보류,2,충남
2024-05-05 09:28:00,Inbound,기타문의,729,상담자8,21906,처리 중,5,부산
2024-05-01 05:50:00,Outbound,가입/해지,193,상담자45,30864,처리 중,2,대구
2024-05-25 23:08:00,Outbound,AS/장애,672,상담자45,71139,해결,2,전남
2024-05-07 13:23:00,Inbound,AS/장애,201,상담자13,43584,보류,3,대전
2024-05-11 13:37:00,Outbound,상품문의(요금제),776,상담자42,15863,해결,5,경기
2024-05-02 15:50:00,Outbound,비용/청구,817,상담자32,76364,보류,4,대전
2024-05-01 00:01:00,Outbound,가입/해지,873,상담자34,78011,해결,3,강원
2024-05-18 15:53:00,Inbound,기타문의,893,상담자7,60272,보류,4,대구
2024-05-04 17:01:00,Outbound,AS/장애,271,상담자31,59579,해결,3,경남
2024-04-30 16:25:00,Inbound,AS/장애,125,상담자33,54283,보류,2,부산
2024-05-19 16:47:00,Inbound,가입/해지,678,상담자46,78719,처리 중,2,충북
2024-05-25 20:02:00,Outbound,AS/장애,469,상담자40,56618,해결,5,충북
2024-05-27 02:01:00,Inbound,가입/해지,558,상담자8,10931,해결,1,대전
2024-05-22 15:04:00,Outbound,AS/장애,474,상담자11,52815,해결,4,인천
2024-05-14 17:41:00,Outbound,기타문의,829,상담자23,24103,처리 중,5,광주
2024-05-26 00:47:00,Outbound,AS/장애,446,상담자36,51854,처리 중,2,경남
2024-05-25 11:52:00,Inbound,비용/청구,316,상담자41,53645,해결,1,강원
2024-05-11 18:02:00,Inbound,상품문의(요금제),162,상담자20,76881,처리 중,5,제주
2024-05-03 06:20:00,Outbound,AS/장애,83,상담자14,75997,보류,5,충남
2024-05-23 09:30:00,Inbound,AS/장애,652,상담자48,74056,처리 중,5,부산
2024-05-07 06:45:00,Inbound,가입/해지,261,상담자19,57319,해결,3,강원
2024-05-05 11:11:00,Outbound,기타문의,881,상담자11,63687,처리 중,3,인천
2024-05-01 08:40:00,Inbound,상품문의(요금제),350,상담자46,68700,보류,4,제주
2024-05-23 17:57:00,Inbound,기타문의,505,상담자36,50101,해결,1,경북
2024-05-11 00:53:00,Inbound,기타문의,474,상담자42,18764,보류,5,전남
2024-05-15 17:06:00,Inbound,기타문의,463,상담자31,32008,해결,1,충북
2024-05-03 11:04:00,Outbound,AS/장애,321,상담자24,73091,보류,5,충북
2024-05-12 09:06:00,Inbound,상품문의(요금제),406,상담자1,31987,처리 중,1,경남
2024-04-30 08:09:00,Inbound,가입/해지,750,상담자9,38897,보류,1,경남
2024-05-01 01:42:00,Outbound,상품문의(요금제),223,상담자3,45288,해결,2,전북
2024-05-10 23:49:00,Outbound,가입/해지,267,상담자1,47896,처리 중,1,경기
2024-05-08 15:51:00,Inbound,AS/장애,625,상담자11,22278,처리 중,4,경남
2024-05-25 10:34:00,Outbound,가입/해지,356,상담자20,92637,처리 중,1,울산
2024-05-20 13:50:00,Inbound,가입/해지,479,상담자14,95521,보류,1,제주
2024-05-25 21:34:00,Inbound,비용/청구,478,상담자40,47266,보류,4,경기
2024-05-27 19:26:00,Inbound,상품문의(요금제),80,상담자47,86385,처리 중,5,대전
2024-05-27 18:05:00,Inbound,상품문의(요금제),432,상담자23,67934,보류,4,광주
2024-05-11 17:33:00,Outbound,가입/해지,310,상담자23,26695,해결,4,전남
2024-05-14 11:56:00,Inbound,비용/청구,707,상담자24,38895,처리 중,3,서울
2024-06-07 06:04:00,Outbound,가입/해지,832,상담자18,75822,처리 중,1,인천
2024-06-24 03:34:00,Outbound,가입/해지,381,상담자18,57059,해결,2,경북
2024-06-05 06:20:00,Outbound,가입/해지,756,상담자5,21784,처리 중,1,경기
2024-06-17 07:20:00,Inbound,AS/장애,841,상담자32,76292,처리 중,3,인천
2024-06-05 11:35:00,Outbound,AS/장애,156,상담자13,55394,보류,3,서울
2024-06-13 14:01:00,Inbound,상품문의(요금제),515,상담자48,39547,해결,2,경북
2024-06-16 07:25:00,Outbound,가입/해지,216,상담자16,68382,보류,4,경북
2024-06-20 20:35:00,Outbound,기타문의,492,상담자5,75239,처리 중,3,경남
2024-06-17 02:27:00,Outbound,가입/해지,863,상담자31,53339,해결,2,인천
2024-06-09 14:17:00,Inbound,상품문의(요금제),402,상담자14,17166,해결,4,부산
2024-06-22 08:39:00,Outbound,기타문의,357,상담자28,16131,보류,1,서울
2024-06-12 22:15:00,Outbound,가입/해지,872,상담자4,85318,보류,3,전북
2024-06-26 05:05:00,Inbound,상품문의(요금제),837,상담자37,31470,처리 중,5,인천
2024-06-04 09:43:00,Inbound,기타문의,156,상담자32,90358,보류,1,부산
2024-06-09 05:49:00,Inbound,상품문의(요금제),368,상담자13,21892,해결,1,충북
2024-05-31 01:56:00,Inbound,비용/청구,247,상담자22,38271,해결,3,경남
2024-06-01 05:31:00,Inbound,기타문의,386,상담자7,14778,처리 중,1,충남
2024-06-13 19:02:00,Inbound,가입/해지,234,상담자42,26579,보류,3,전북
2024-06-21 06:28:00,Inbound,기타문의,518,상담자33,44950,보류,4,울산
2024-06-28 06:58:00,Outbound,AS/장애,83,상담자4,76395,보류,5,대구
2024-06-19 19:06:00,Outbound,AS/장애,383,상담자8,68181,해결,2,서울
2024-06-23 00:43:00,Outbound,가입/해지,238,상담자37,95697,보류,2,경남
2024-06-02 12:12:00,Inbound,기타문의,484,상담자22,32557,보류,4,강원
2024-06-23 20:06:00,Inbound,기타문의,351,상담자6,99977,보류,3,경북
2024-06-17 07:03:00,Outbound,비용/청구,274,상담자7,79368,보류,1,제주
2024-06-18 21:19:00,Outbound,기타문의,93,상담자41,81101,보류,2,인천
2024-05-31 06:21:00,Inbound,비용/청구,488,상담자18,59221,해결,1,충북
2024-06-12 01:48:00,Outbound,비용/청구,614,상담자46,32750,보류,5,전북
2024-06-20 13:08:00,Inbound,기타문의,453,상담자14,70175,처리 중,5,충북
2024-06-22 23:29:00,Outbound,비용/청구,531,상담자27,20942,처리 중,3,서울
2024-06-28 03:27:00,Outbound,가입/해지,519,상담자46,12822,처리 중,1,대구
2024-06-12 04:06:00,Outbound,비용/청구,865,상담자16,68889,보류,3,부산
2024-05-31 20:27:00,Inbound,가입/해지,433,상담자38,14099,보류,4,충북
2024-06-16 02:49:00,Outbound,상품문의(요금제),234,상담자33,32037,보류,3,광주
2024-06-27 04:37:00,Inbound,비용/청구,105,상담자50,62726,처리 중,3,대구
2024-06-04 19:25:00,Inbound,기타문의,159,상담자31,44971,보류,4,대전
2024-06-19 11:59:00,Inbound,상품문의(요금제),672,상담자27,50355,처리 중,2,서울
2024-06-26 08:20:00,Inbound,상품문의(요금제),604,상담자40,21957,해결,1,강원
2024-06-13 07:39:00,Outbound,기타문의,171,상담자18,18869,해결,3,경남
2024-06-21 15:30:00,Inbound,AS/장애,831,상담자30,70051,보류,3,강원
2024-06-20 13:34:00,Outbound,기타문의,308,상담자15,53963,해결,2,대구
2024-06-02 12:10:00,Outbound,가입/해지,297,상담자24,92750,처리 중,3,강원
2024-06-26 12:14:00,Outbound,상품문의(요금제),145,상담자9,72727,처리 중,1,울산
2024-06-15 22:27:00,Outbound,AS/장애,455,상담자38,71505,해결,1,전남
2024-06-15 12:44:00,Outbound,비용/청구,534,상담자26,16374,해결,2,부산
2024-06-01 15:38:00,Inbound,비용/청구,551,상담자16,77630,해결,5,제주
2024-06-06 08:16:00,Inbound,기타문의,115,상담자34,37144,해결,1,부산
2024-06-02 11:16:00,Inbound,AS/장애,72,상담자22,59048,처리 중,1,서울
2024-06-04 18:30:00,Outbound,상품문의(요금제),445,상담자22,70104,해결,5,부산
2024-06-08 22:59:00,Inbound,비용/청구,599,상담자35,43707,보류,2,광주
2024-06-23 15:03:00,Inbound,비용/청구,886,상담자13,25382,처리 중,2,울산
2024-06-28 01:39:00,Inbound,비용/청구,414,상담자27,67081,보류,1,전북
2024-06-15 19:55:00,Inbound,비용/청구,205,상담자5,99963,보류,4,강원
2024-06-25 21:15:00,Inbound,AS/장애,272,상담자5,95005,처리 중,3,경기
2024-06-25 17:35:00,Outbound,기타문의,209,상담자14,41101,처리 중,3,강원
2024-06-13 15:31:00,Outbound,상품문의(요금제),510,상담자26,69050,해결,2,충북
2024-06-28 15:32:00,Outbound,가입/해지,591,상담자1,94613,보류,5,울산
2024-06-11 16:05:00,Inbound,상품문의(요금제),544,상담자20,51649,보류,5,경남
2024-06-20 07:29:00,Inbound,가입/해지,468,상담자46,23829,해결,1,대구
2024-06-09 16:10:00,Outbound,AS/장애,88,상담자11,21436,보류,1,광주
2024-06-04 05:01:00,Outbound,비용/청구,688,상담자48,82846,해결,2,경기
2024-06-26 06:22:00,Inbound,상품문의(요금제),897,상담자9,99307,해결,2,충북
2024-06-11 10:19:00,Outbound,기타문의,722,상담자41,39550,처리 중,2,강원
2024-06-12 10:36:00,Outbound,기타문의,430,상담자1,95914,해결,2,충남
2024-06-18 03:47:00,Inbound,비용/청구,558,상담자22,61008,해결,4,광주
2024-06-22 03:13:00,Inbound,상품문의(요금제),284,상담자9,12864,처리 중,1,충남
2024-05-31 15:21:00,Outbound,AS/장애,233,상담자38,31943,해결,1,충남
2024-06-26 07:03:00,Inbound,상품문의(요금제),402,상담자11,73759,해결,5,서울
2024-06-19 00:01:00,Outbound,가입/해지,245,상담자14,13017,처리 중,5,광주
2024-06-19 08:38:00,Inbound,비용/청구,149,상담자15,19310,처리 중,5,대구
2024-06-02 17:29:00,Outbound,상품문의(요금제),896,상담자2,88383,해결,2,충북
2024-06-11 08:32:00,Inbound,AS/장애,425,상담자14,84911,보류,3,전남
2024-06-21 10:52:00,Inbound,기타문의,614,상담자48,90343,보류,5,경북
2024-06-05 02:25:00,Outbound,AS/장애,845,상담자27,15427,보류,3,광주
2024-06-07 17:40:00,Inbound,비용/청구,220,상담자49,50180,해결,4,대구
2024-06-09 15:12:00,Outbound,가입/해지,860,상담자32,65768,해결,3,충남
2024-06-15 11:08:00,Inbound,상품문의(요금제),883,상담자28,28832,해결,1,대구
2024-06-27 01:04:00,Inbound,상품문의(요금제),708,상담자19,62825,처리 중,2,충북
2024-06-04 03:42:00,Inbound,기타문의,268,상담자33,58796,해결,2,전북
2024-06-16 15:00:00,Inbound,상품문의(요금제),238,상담자20,20800,해결,4,강원
2024-06-21 01:29:00,Inbound,기타문의,697,상담자29,20628,처리 중,1,광주
2024-06-20 02:46:00,Outbound,비용/청구,748,상담자38,23301,처리 중,3,충북
2024-06-09 12:52:00,Outbound,기타문의,726,상담자8,80914,보류,5,충남
2024-06-28 17:46:00,Inbound,비용/청구,899,상담자49,11434,처리 중,1,전북
2024-06-12 01:59:00,Inbound,AS/장애,725,상담자42,58066,해결,2,부산
2024-06-22 09:39:00,Inbound,상품문의(요금제),83,상담자16,14411,처리 중,5,전북
2024-06-06 11:22:00,Outbound,기타문의,523,상담자48,89391,보류,4,대구
2024-06-07 07:17:00,Outbound,AS/장애,460,상담자16,84879,해결,1,충북
2024-06-03 07:28:00,Inbound,비용/청구,477,상담자39,17176,해결,3,서울
2024-06-07 01:29:00,Outbound,기타문의,582,상담자36,40228,해결,3,울산
2024-06-01 13:22:00,Inbound,가입/해지,317,상담자2,75246,보류,1,대구
2024-06-24 11:42:00,Inbound,비용/청구,504,상담자15,59234,해결,4,인천
2024-06-05 18:24:00,Inbound,가입/해지,605,상담자20,59983,처리 중,3,강원
2024-06-16 21:35:00,Inbound,AS/장애,736,상담자1,38005,해결,3,광주
2024-06-22 08:48:00,Inbound,AS/장애,662,상담자22,66525,보류,3,경남
2024-06-16 02:44:00,Inbound,기타문의,216,상담자6,38730,해결,1,대구
2024-06-11 05:57:00,Inbound,기타문의,506,상담자8,83616,해결,4,서울
2024-06-11 17:35:00,Outbound,가입/해지,289,상담자22,80169,보류,2,전북
2024-06-24 01:20:00,Outbound,상품문의(요금제),87,상담자4,10350,보류,3,제주
2024-06-22 05:59:00,Inbound,AS/장애,108,상담자13,98141,해결,4,광주
2024-06-11 18:59:00,Inbound,비용/청구,226,상담자12,51269,처리 중,2,광주
2024-06-02 23:31:00,Inbound,상품문의(요금제),569,상담자7,92843,처리 중,5,제주
2024-06-28 04:51:00,Inbound,AS/장애,629,상담자45,21652,해결,3,부산
2024-06-02 02:36:00,Outbound,기타문의,505,상담자37,24329,보류,1,인천
2024-06-02 12:57:00,Outbound,비용/청구,445,상담자17,93962,보류,1,부산
2024-06-24 15:41:00,Inbound,가입/해지,824,상담자20,10239,처리 중,1,대구
2024-06-01 09:10:00,Outbound,상품문의(요금제),184,상담자48,45736,해결,2,강원
2024-06-02 06:14:00,Outbound,기타문의,719,상담자21,60902,보류,4,경기
2024-06-12 20:49:00,Outbound,기타문의,429,상담자10,58416,보류,1,경북
2024-06-22 15:53:00,Inbound,상품문의(요금제),765,상담자42,47368,보류,4,울산
2024-06-16 16:00:00,Outbound,가입/해지,375,상담자4,58851,보류,1,광주
2024-05-31 15:55:00,Outbound,상품문의(요금제),72,상담자33,31192,처리 중,3,경북
2024-06-16 00:54:00,Outbound,비용/청구,409,상담자43,26900,해결,4,광주
2024-06-24 17:01:00,Inbound,비용/청구,872,상담자29,25556,처리 중,2,경남
2024-06-27 07:29:00,Outbound,가입/해지,405,상담자4,20447,해결,4,인천
2024-05-31 20:06:00,Outbound,기타문의,636,상담자42,59543,해결,5,경기
2024-06-22 20:14:00,Inbound,가입/해지,535,상담자26,61173,해결,1,광주
2024-06-17 02:08:00,Outbound,가입/해지,544,상담자41,15369,보류,5,대전
2024-06-12 15:52:00,Outbound,비용/청구,844,상담자40,42903,보류,2,경남
2024-06-11 06:13:00,Outbound,가입/해지,463,상담자43,27886,해결,4,경남
2024-06-07 01:54:00,Outbound,기타문의,660,상담자3,58160,처리 중,1,전북
2024-05-31 22:33:00,Outbound,상품문의(요금제),326,상담자38,68879,처리 중,5,전남
2024-06-27 18:36:00,Outbound,비용/청구,798,상담자19,76685,해결,1,경북
2024-06-09 08:38:00,Outbound,비용/청구,331,상담자2,47142,처리 중,5,경남
2024-06-10 11:21:00,Outbound,비용/청구,676,상담자39,11108,해결,3,경기
2024-06-28 23:03:00,Inbound,AS/장애,806,상담자20,70198,해결,3,광주
2024-06-12 01:09:00,Outbound,가입/해지,404,상담자21,99300,해결,5,전남
2024-06-16 10:04:00,Outbound,기타문의,176,상담자26,56559,해결,5,경북
2024-06-10 04:45:00,Inbound,상품문의(요금제),368,상담자49,24132,처리 중,3,충북
2024-06-22 18:08:00,Inbound,비용/청구,151,상담자24,82070,해결,5,대구
2024-06-28 10:55:00,Inbound,AS/장애,124,상담자21,64099,처리 중,3,경북
2024-06-16 02:06:00,Inbound,AS/장애,166,상담자16,15783,해결,1,대전
2024-06-16 07:04:00,Inbound,비용/청구,549,상담자11,94690,해결,5,대전
2024-06-15 02:34:00,Outbound,기타문의,153,상담자35,81074,보류,5,광주
2024-06-23 21:00:00,Inbound,비용/청구,772,상담자6,36393,보류,2,광주
2024-06-28 23:24:00,Inbound,비용/청구,539,상담자20,25704,처리 중,1,대전
2024-06-06 04:12:00,Outbound,상품문의(요금제),401,상담자30,66805,보류,2,강원
2024-06-23 13:41:00,Inbound,기타문의,679,상담자19,14298,해결,3,대구
2024-06-02 17:49:00,Outbound,AS/장애,84,상담자46,85459,보류,2,충북
2024-06-27 02:24:00,Outbound,AS/장애,197,상담자47,91631,해결,3,충남
2024-06-18 07:46:00,Outbound,AS/장애,884,상담자16,15626,보류,3,광주
2024-06-15 00:29:00,Outbound,기타문의,631,상담자35,23426,처리 중,5,충북
2024-06-04 07:02:00,Inbound,비용/청구,283,상담자31,15000,해결,5,서울
2024-06-16 18:48:00,Outbound,상품문의(요금제),280,상담자13,24319,보류,1,충북
2024-06-25 20:54:00,Inbound,비용/청구,138,상담자21,77157,해결,2,전북
2024-06-27 22:49:00,Inbound,비용/청구,124,상담자34,64671,해결,3,인천
2024-06-20 03:05:00,Inbound,가입/해지,189,상담자40,44856,해결,2,경북
2024-06-22 10:45:00,Outbound,상품문의(요금제),826,상담자26,24401,해결,1,부산
2024-06-14 07:00:00,Outbound,기타문의,863,상담자50,34007,해결,5,충남
2024-06-06 17:55:00,Outbound,가입/해지,282,상담자24,85959,처리 중,5,강원
2024-06-28 07:39:00,Inbound,AS/장애,291,상담자33,92770,보류,5,전북
2024-06-26 06:35:00,Inbound,가입/해지,343,상담자27,59907,보류,2,경북
2024-06-16 12:31:00,Inbound,비용/청구,863,상담자36,95788,해결,3,울산
2024-06-03 10:23:00,Outbound,상품문의(요금제),855,상담자48,45125,해결,1,광주
2024-06-16 16:24:00,Inbound,비용/청구,700,상담자21,82783,처리 중,5,충북
2024-06-20 17:12:00,Inbound,가입/해지,857,상담자27,64398,해결,3,강원
2024-06-11 11:51:00,Outbound,가입/해지,489,상담자24,37749,보류,2,충북
2024-06-17 19:49:00,Outbound,상품문의(요금제),191,상담자22,83135,보류,1,대구
2024-06-12 21:17:00,Inbound,가입/해지,794,상담자36,15742,보류,5,충북
2024-06-24 20:12:00,Inbound,상품문의(요금제),348,상담자11,88760,보류,4,제주
2024-06-26 11:37:00,Outbound,가입/해지,163,상담자48,40046,처리 중,3,울산
2024-06-26 16:41:00,Inbound,AS/장애,416,상담자49,73252,처리 중,2,충남
2024-06-07 05:21:00,Outbound,AS/장애,626,상담자41,90898,보류,1,대전
2024-06-28 12:52:00,Inbound,비용/청구,239,상담자26,40455,처리 중,4,대전
2024-06-17 10:40:00,Inbound,AS/장애,295,상담자9,77196,해결,4,경기
2024-06-19 13:29:00,Outbound,비용/청구,718,상담자40,11498,처리 중,3,서울
2024-06-17 18:34:00,Inbound,비용/청구,148,상담자4,13630,보류,4,강원
2024-06-09 00:53:00,Inbound,기타문의,140,상담자30,21026,보류,5,부산
2024-06-26 11:14:00,Inbound,가입/해지,882,상담자16,11042,처리 중,4,인천
2024-06-24 16:27:00,Inbound,상품문의(요금제),247,상담자21,43388,해결,5,광주
2024-06-26 23:59:00,Inbound,기타문의,399,상담자37,89451,보류,2,제주
2024-06-13 11:45:00,Outbound,가입/해지,846,상담자38,15758,해결,4,인천
2024-06-13 20:58:00,Inbound,기타문의,642,상담자6,93762,보류,3,부산
2024-06-27 14:55:00,Outbound,비용/청구,676,상담자21,64142,처리 중,3,경남
2024-06-01 02:20:00,Outbound,상품문의(요금제),545,상담자35,13119,보류,2,제주
2024-06-11 18:36:00,Outbound,AS/장애,71,상담자2,39715,해결,1,충남
2024-06-11 11:17:00,Inbound,가입/해지,351,상담자46,70175,처리 중,4,전남
2024-06-27 07:04:00,Inbound,비용/청구,136,상담자48,22912,보류,3,광주
2024-06-22 00:54:00,Inbound,가입/해지,369,상담자49,59477,보류,5,울산
2024-06-27 15:08:00,Outbound,가입/해지,233,상담자4,44342,처리 중,1,제주
2024-06-09 02:55:00,Inbound,비용/청구,528,상담자34,98988,보류,2,경북
2024-06-21 22:06:00,Outbound,가입/해지,161,상담자22,48977,처리 중,4,부산
2024-06-24 20:34:00,Inbound,AS/장애,588,상담자2,64784,처리 중,2,광주
2024-06-23 09:51:00,Inbound,가입/해지,574,상담자18,56183,해결,2,전북
2024-06-03 23:03:00,Inbound,AS/장애,157,상담자6,63233,처리 중,2,제주
2024-06-19 03:56:00,Outbound,상품문의(요금제),791,상담자31,44313,보류,5,경북
2024-06-20 00:26:00,Inbound,비용/청구,93,상담자43,86421,해결,5,경기
2024-06-10 01:30:00,Outbound,비용/청구,716,상담자49,33929,해결,1,충남
2024-06-13 05:48:00,Outbound,AS/장애,241,상담자34,15568,해결,5,경북
2024-06-28 19:25:00,Inbound,비용/청구,596,상담자36,76528,해결,2,강원
2024-06-26 18:05:00,Inbound,상품문의(요금제),779,상담자15,88332,해결,4,서울
2024-06-23 21:12:00,Outbound,상품문의(요금제),736,상담자15,76404,해결,1,대구
2024-06-22 04:35:00,Outbound,AS/장애,365,상담자35,15934,해결,5,전남
2024-06-18 09:53:00,Outbound,기타문의,358,상담자46,77787,보류,3,제주
2024-06-26 16:47:00,Inbound,가입/해지,343,상담자43,10562,해결,5,경기
2024-06-26 13:59:00,Outbound,상품문의(요금제),244,상담자23,31643,해결,3,인천
2024-06-28 06:35:00,Outbound,상품문의(요금제),647,상담자34,55887,처리 중,4,제주
2024-06-19 20:12:00,Inbound,가입/해지,620,상담자44,57776,보류,2,제주
2024-06-08 07:18:00,Outbound,비용/청구,722,상담자8,89441,해결,5,경남
2024-06-20 07:02:00,Inbound,비용/청구,785,상담자48,35555,해결,2,경기
2024-06-18 06:39:00,Inbound,상품문의(요금제),696,상담자16,65934,처리 중,3,충북
2024-06-04 06:07:00,Inbound,기타문의,221,상담자33,83777,보류,5,인천
2024-06-22 08:39:00,Inbound,AS/장애,476,상담자11,71449,보류,3,광주
2024-06-12 00:49:00,Outbound,비용/청구,807,상담자6,95813,해결,5,제주
2024-06-12 23:50:00,Outbound,비용/청구,633,상담자9,18639,해결,5,광주
2024-06-01 10:10:00,Inbound,상품문의(요금제),292,상담자23,99478,처리 중,2,경기
2024-06-08 09:35:00,Inbound,AS/장애,444,상담자45,71914,해결,2,부산
2024-06-03 13:45:00,Inbound,가입/해지,183,상담자15,56903,해결,3,전북
2024-06-03 04:03:00,Inbound,기타문의,305,상담자11,73038,보류,4,경기
2024-06-16 20:03:00,Inbound,상품문의(요금제),729,상담자26,76371,처리 중,1,울산
2024-06-08 11:38:00,Outbound,비용/청구,661,상담자19,56402,보류,4,서울
2024-06-16 10:49:00,Outbound,AS/장애,87,상담자6,61660,보류,2,경북
2024-06-12 03:48:00,Inbound,AS/장애,430,상담자41,65584,해결,4,대전
2024-06-21 14:41:00,Inbound,기타문의,591,상담자40,39509,보류,5,부산
2024-06-02 06:41:00,Outbound,비용/청구,348,상담자50,54453,보류,3,부산
2024-06-16 08:35:00,Inbound,비용/청구,479,상담자6,92208,처리 중,2,서울
2024-06-11 22:07:00,Outbound,비용/청구,460,상담자9,60455,보류,3,경북
2024-06-20 17:25:00,Inbound,상품문의(요금제),482,상담자23,37229,처리 중,2,서울
2024-06-05 23:28:00,Inbound,기타문의,185,상담자41,38375,보류,2,강원
2024-05-31 09:48:00,Outbound,AS/장애,170,상담자22,81908,해결,4,대구
2024-06-07 13:09:00,Outbound,기타문의,284,상담자46,52601,보류,3,부산
2024-06-14 12:39:00,Outbound,가입/해지,336,상담자31,83586,해결,4,전북
2024-06-09 20:54:00,Inbound,기타문의,90,상담자19,20418,처리 중,2,강원
2024-06-20 01:57:00,Inbound,기타문의,304,상담자14,82457,처리 중,4,충북
2024-06-24 14:15:00,Inbound,AS/장애,785,상담자45,29249,처리 중,5,대전
2024-06-17 20:21:00,Inbound,가입/해지,575,상담자22,82093,처리 중,4,제주
2024-06-14 08:09:00,Inbound,AS/장애,138,상담자16,44853,보류,3,울산
2024-06-15 10:48:00,Outbound,가입/해지,449,상담자37,33549,처리 중,5,대전
2024-06-25 17:14:00,Inbound,비용/청구,595,상담자28,56642,해결,5,제주
2024-06-11 23:42:00,Outbound,기타문의,738,상담자13,39671,해결,1,인천
2024-06-17 06:20:00,Outbound,기타문의,249,상담자34,36625,보류,1,충남
2024-06-05 03:18:00,Inbound,비용/청구,874,상담자11,40160,해결,5,부산
2024-06-09 14:12:00,Outbound,기타문의,406,상담자30,32754,해결,3,강원
2024-06-21 08:53:00,Inbound,AS/장애,378,상담자12,55980,해결,1,광주
2024-06-03 03:04:00,Outbound,가입/해지,818,상담자50,42595,처리 중,2,전북
2024-06-15 04:08:00,Inbound,상품문의(요금제),715,상담자27,11143,보류,2,대전
2024-06-16 21:16:00,Inbound,비용/청구,571,상담자2,55013,처리 중,5,제주
2024-06-17 01:08:00,Outbound,AS/장애,291,상담자17,31132,해결,5,경남
2024-06-25 11:30:00,Inbound,비용/청구,844,상담자48,12681,처리 중,5,충북
2024-06-27 10:34:00,Outbound,기타문의,748,상담자18,55369,보류,4,전북
2024-06-28 07:38:00,Inbound,기타문의,229,상담자35,89579,해결,4,광주
2024-06-28 01:56:00,Inbound,기타문의,614,상담자10,49815,해결,2,강원
2024-06-09 00:13:00,Inbound,가입/해지,750,상담자24,54512,보류,4,충남
2024-06-23 19:25:00,Inbound,AS/장애,261,상담자45,96276,해결,4,인천
2024-06-05 12:13:00,Inbound,가입/해지,733,상담자19,41312,보류,1,경남
2024-06-28 17:38:00,Inbound,가입/해지,300,상담자28,88686,보류,2,제주
2024-06-17 16:11:00,Inbound,AS/장애,712,상담자7,73539,처리 중,5,충남
2024-06-03 12:13:00,Inbound,상품문의(요금제),572,상담자31,12029,보류,3,인천
2024-06-23 21:08:00,Outbound,기타문의,737,상담자14,56276,처리 중,1,경남
2024-06-17 05:14:00,Inbound,AS/장애,467,상담자44,64616,보류,2,충남
2024-06-07 06:51:00,Inbound,비용/청구,637,상담자10,89073,처리 중,4,강원
2024-06-05 02:34:00,Inbound,AS/장애,426,상담자13,39573,보류,1,전남
2024-06-11 14:00:00,Outbound,AS/장애,490,상담자46,10008,처리 중,3,울산
2024-06-16 15:01:00,Inbound,기타문의,507,상담자50,92802,보류,4,울산
2024-06-08 15:18:00,Outbound,비용/청구,813,상담자41,51661,해결,1,경남
2024-06-08 03:44:00,Outbound,비용/청구,119,상담자50,75495,보류,4,광주
2024-06-04 23:42:00,Outbound,AS/장애,305,상담자23,24106,처리 중,3,제주
2024-06-25 07:22:00,Outbound,AS/장애,749,상담자30,81208,처리 중,3,서울
2024-06-02 05:09:00,Outbound,AS/장애,301,상담자10,18282,처리 중,5,대전
2024-06-16 17:04:00,Inbound,상품문의(요금제),519,상담자14,37294,처리 중,1,충북
2024-06-07 02:12:00,Inbound,가입/해지,749,상담자16,66512,보류,2,인천
2024-07-10 20:28:00,Inbound,AS/장애,299,상담자10,58790,보류,4,전북
2024-07-20 09:23:00,Outbound,상품문의(요금제),153,상담자34,62971,해결,3,광주
2024-07-10 10:02:00,Outbound,상품문의(요금제),79,상담자35,53833,해결,2,충북
2024-07-18 14:13:00,Outbound,비용/청구,217,상담자3,71933,처리 중,1,서울
2024-07-09 20:26:00,Inbound,기타문의,805,상담자17,90886,처리 중,5,충남
2024-07-10 05:13:00,Outbound,비용/청구,650,상담자39,32017,처리 중,4,광주
2024-07-15 17:17:00,Outbound,AS/장애,739,상담자34,93716,처리 중,2,전남
2024-07-23 08:07:00,Outbound,비용/청구,431,상담자21,65049,보류,3,서울
2024-07-11 05:34:00,Inbound,기타문의,471,상담자39,71275,보류,1,경기
2024-07-25 05:22:00,Inbound,AS/장애,671,상담자12,24771,보류,4,충북
2024-07-26 17:12:00,Inbound,AS/장애,260,상담자21,33659,보류,3,대구
2024-07-24 10:09:00,Inbound,AS/장애,168,상담자22,83617,보류,1,서울
2024-07-12 17:23:00,Outbound,가입/해지,379,상담자3,25667,보류,4,경남
2024-07-24 19:30:00,Outbound,상품문의(요금제),166,상담자27,46085,처리 중,1,전북
2024-07-02 16:42:00,Outbound,기타문의,160,상담자12,52461,보류,5,강원
2024-07-26 17:43:00,Outbound,상품문의(요금제),302,상담자1,20279,보류,5,경북
2024-07-28 10:06:00,Outbound,기타문의,844,상담자31,34077,해결,5,전북
2024-07-19 22:13:00,Outbound,비용/청구,375,상담자42,16860,보류,1,충북
2024-07-04 19:57:00,Outbound,가입/해지,702,상담자10,91105,해결,2,대전
2024-07-24 01:31:00,Outbound,기타문의,318,상담자4,30985,처리 중,3,전북
2024-07-08 10:59:00,Inbound,기타문의,202,상담자29,46376,보류,2,광주
2024-07-20 06:54:00,Outbound,AS/장애,831,상담자19,50271,해결,1,부산
2024-07-05 06:36:00,Inbound,AS/장애,619,상담자48,94272,해결,5,서울
2024-07-27 02:33:00,Inbound,AS/장애,88,상담자1,67015,해결,4,인천
2024-07-23 23:07:00,Inbound,기타문의,144,상담자5,39272,보류,2,대구
2024-07-05 05:00:00,Outbound,AS/장애,717,상담자15,91567,해결,5,광주
2024-07-27 00:17:00,Outbound,상품문의(요금제),629,상담자39,84253,처리 중,4,광주
2024-07-05 03:42:00,Inbound,기타문의,407,상담자14,45988,해결,3,인천
2024-07-01 20:30:00,Outbound,상품문의(요금제),526,상담자21,24552,처리 중,1,대구
2024-07-10 13:18:00,Outbound,가입/해지,822,상담자1,14070,해결,3,대구
2024-07-10 08:32:00,Inbound,비용/청구,546,상담자46,87007,처리 중,2,전남
2024-07-14 13:42:00,Inbound,기타문의,620,상담자10,94926,보류,2,경남
2024-07-02 16:47:00,Outbound,상품문의(요금제),701,상담자11,90320,처리 중,3,대구
2024-07-11 11:31:00,Outbound,상품문의(요금제),177,상담자21,13415,보류,2,부산
2024-07-27 04:02:00,Outbound,비용/청구,87,상담자17,46251,보류,3,대구
2024-07-13 01:04:00,Outbound,가입/해지,177,상담자28,60262,보류,5,울산
2024-07-16 14:02:00,Inbound,가입/해지,108,상담자43,90444,해결,2,강원
2024-07-12 04:52:00,Inbound,기타문의,253,상담자23,60923,처리 중,2,부산
2024-07-01 05:25:00,Outbound,기타문의,314,상담자41,19088,처리 중,2,서울
2024-07-20 01:39:00,Inbound,AS/장애,158,상담자21,19870,해결,1,울산
2024-07-08 18:09:00,Inbound,기타문의,688,상담자3,99079,처리 중,4,대전
2024-07-14 19:45:00,Inbound,상품문의(요금제),657,상담자39,59434,처리 중,4,서울
2024-07-07 14:25:00,Inbound,기타문의,731,상담자14,25360,처리 중,2,경남
2024-07-13 01:17:00,Inbound,상품문의(요금제),325,상담자46,95334,보류,1,대구
2024-07-13 15:49:00,Outbound,상품문의(요금제),531,상담자50,82198,처리 중,1,충남
2024-07-10 07:03:00,Outbound,AS/장애,118,상담자12,53907,해결,2,광주
2024-07-20 08:09:00,Outbound,가입/해지,207,상담자13,78149,해결,1,경남
2024-07-03 17:50:00,Outbound,AS/장애,868,상담자32,80211,처리 중,1,제주
2024-07-19 23:17:00,Inbound,비용/청구,614,상담자5,17795,보류,5,인천
2024-07-25 14:07:00,Inbound,상품문의(요금제),730,상담자35,66084,보류,5,부산
2024-07-10 01:16:00,Outbound,기타문의,586,상담자4,73348,해결,3,충남
2024-07-11 08:22:00,Outbound,AS/장애,403,상담자33,76526,처리 중,4,경기
2024-07-12 22:11:00,Inbound,가입/해지,667,상담자28,90577,해결,1,대전
2024-07-16 01:15:00,Inbound,기타문의,94,상담자2,29158,보류,1,부산
2024-07-04 11:44:00,Inbound,기타문의,899,상담자17,80916,해결,5,경기
2024-07-01 04:21:00,Inbound,기타문의,887,상담자27,10859,보류,4,충남
2024-07-27 01:03:00,Outbound,비용/청구,327,상담자6,98771,해결,2,전남
2024-07-22 07:03:00,Outbound,비용/청구,340,상담자38,76899,해결,1,전남
2024-07-07 13:28:00,Inbound,가입/해지,298,상담자35,72157,보류,3,강원
2024-07-13 23:13:00,Outbound,비용/청구,557,상담자39,87242,해결,1,제주
2024-07-02 09:17:00,Inbound,기타문의,108,상담자48,78004,보류,2,충남
2024-07-27 00:18:00,Inbound,상품문의(요금제),588,상담자50,11909,해결,3,전남
2024-07-26 20:55:00,Outbound,기타문의,511,상담자30,12167,해결,3,대전
2024-07-17 05:34:00,Inbound,기타문의,206,상담자13,19502,처리 중,4,경기
2024-07-16 02:28:00,Outbound,AS/장애,676,상담자43,34945,보류,5,경남
2024-07-13 08:56:00,Inbound,가입/해지,443,상담자44,87745,해결,1,대구
2024-07-13 14:35:00,Outbound,가입/해지,890,상담자33,96107,보류,3,경북
2024-07-02 03:39:00,Inbound,AS/장애,572,상담자33,72790,해결,1,경북
2024-07-20 23:20:00,Outbound,가입/해지,774,상담자21,71650,보류,3,경북
2024-06-30 19:08:00,Inbound,기타문의,812,상담자47,10260,처리 중,2,서울
2024-06-30 16:59:00,Outbound,상품문의(요금제),518,상담자35,28719,보류,1,서울
2024-07-08 07:22:00,Outbound,AS/장애,127,상담자30,33692,처리 중,5,전북
2024-07-21 12:56:00,Outbound,기타문의,483,상담자24,27008,처리 중,4,전북
2024-07-26 09:01:00,Inbound,AS/장애,533,상담자3,72040,처리 중,3,대구
2024-07-18 10:16:00,Inbound,기타문의,340,상담자42,92027,보류,3,전북
2024-07-19 18:38:00,Outbound,비용/청구,298,상담자33,73041,해결,1,전북
2024-07-17 16:26:00,Inbound,비용/청구,87,상담자35,63250,해결,3,대구
2024-07-05 09:00:00,Inbound,가입/해지,333,상담자35,55981,처리 중,3,전북
2024-07-26 01:05:00,Outbound,비용/청구,72,상담자19,74831,처리 중,1,대구
2024-07-02 05:45:00,Outbound,기타문의,89,상담자13,10348,보류,2,전남
2024-07-21 10:24:00,Outbound,기타문의,644,상담자10,21463,보류,2,경북
2024-07-11 02:02:00,Outbound,기타문의,75,상담자29,58504,해결,4,충북
2024-07-20 00:39:00,Inbound,기타문의,840,상담자50,77126,해결,5,충북
2024-07-01 14:42:00,Outbound,AS/장애,860,상담자12,23424,해결,5,대구
2024-07-11 18:37:00,Inbound,AS/장애,257,상담자43,80639,처리 중,3,경남
2024-07-22 05:04:00,Outbound,가입/해지,553,상담자38,67311,해결,5,충남
2024-07-15 01:08:00,Inbound,기타문의,536,상담자9,70968,해결,1,경기
2024-07-13 07:30:00,Inbound,비용/청구,279,상담자11,19729,보류,4,대전
2024-07-20 13:32:00,Inbound,비용/청구,720,상담자18,63322,보류,4,부산
2024-07-11 15:39:00,Inbound,AS/장애,578,상담자33,56568,보류,5,충북
2024-07-06 16:23:00,Outbound,AS/장애,825,상담자23,24677,처리 중,4,대구
2024-07-13 10:42:00,Inbound,비용/청구,607,상담자29,87930,처리 중,3,충남
2024-07-06 18:09:00,Outbound,기타문의,500,상담자34,86037,처리 중,4,서울
2024-07-15 22:44:00,Outbound,AS/장애,682,상담자42,74439,해결,1,대전
2024-07-26 03:38:00,Inbound,비용/청구,194,상담자22,90248,해결,3,경남
2024-07-10 20:03:00,Inbound,AS/장애,139,상담자44,79840,해결,3,인천
2024-07-21 05:54:00,Outbound,가입/해지,825,상담자4,40124,해결,5,울산
2024-07-18 13:10:00,Outbound,AS/장애,293,상담자27,19376,해결,1,서울
2024-06-30 08:30:00,Outbound,가입/해지,880,상담자48,32801,처리 중,5,경기
2024-07-20 08:39:00,Inbound,AS/장애,702,상담자43,16008,처리 중,1,대전
2024-07-04 00:43:00,Inbound,상품문의(요금제),796,상담자38,81713,처리 중,5,대구
2024-07-09 18:50:00,Inbound,AS/장애,451,상담자5,75644,보류,1,강원
2024-07-07 05:10:00,Inbound,기타문의,576,상담자19,30099,해결,2,대구
2024-07-25 21:52:00,Outbound,비용/청구,341,상담자16,90671,해결,1,광주
2024-07-23 22:06:00,Outbound,상품문의(요금제),618,상담자49,35197,보류,3,제주
2024-07-07 01:56:00,Inbound,AS/장애,875,상담자14,59706,해결,5,인천
2024-07-02 17:19:00,Inbound,상품문의(요금제),672,상담자3,94920,해결,4,인천
2024-07-15 12:20:00,Inbound,비용/청구,543,상담자44,47930,해결,4,대구
2024-07-24 05:12:00,Outbound,상품문의(요금제),564,상담자28,58879,해결,2,광주
2024-07-09 16:54:00,Inbound,가입/해지,178,상담자29,68963,보류,2,서울
2024-07-10 08:27:00,Inbound,가입/해지,284,상담자19,38479,해결,1,경북
2024-07-21 21:38:00,Outbound,상품문의(요금제),413,상담자37,47729,처리 중,2,제주
2024-07-12 15:15:00,Outbound,AS/장애,862,상담자9,73347,보류,1,대전
2024-07-21 11:00:00,Outbound,AS/장애,457,상담자19,81534,해결,4,경남
2024-07-08 00:45:00,Inbound,상품문의(요금제),798,상담자44,50828,처리 중,5,전북
2024-07-22 06:35:00,Inbound,AS/장애,79,상담자35,38360,처리 중,3,충북
2024-07-01 15:26:00,Outbound,기타문의,124,상담자8,17722,보류,4,대전
2024-07-27 05:24:00,Inbound,AS/장애,872,상담자19,55446,보류,5,대구
2024-07-07 08:25:00,Inbound,AS/장애,228,상담자49,16866,해결,2,광주
2024-07-27 09:33:00,Inbound,AS/장애,121,상담자33,39708,처리 중,1,강원
2024-07-28 18:45:00,Inbound,상품문의(요금제),537,상담자35,46748,해결,5,충남
2024-07-24 06:36:00,Inbound,AS/장애,896,상담자8,44822,처리 중,4,광주
2024-07-08 10:21:00,Inbound,가입/해지,725,상담자3,90122,처리 중,1,서울
2024-07-26 21:47:00,Outbound,비용/청구,862,상담자14,87864,처리 중,1,경북
2024-07-27 06:18:00,Inbound,가입/해지,580,상담자42,99484,처리 중,3,광주
2024-07-25 10:55:00,Inbound,가입/해지,871,상담자31,24570,해결,1,대전
2024-07-11 10:01:00,Outbound,AS/장애,475,상담자32,53387,보류,5,충북
2024-07-05 21:24:00,Outbound,상품문의(요금제),465,상담자17,78894,보류,2,울산
2024-07-19 08:05:00,Inbound,기타문의,379,상담자22,41928,처리 중,3,강원
2024-07-28 04:38:00,Inbound,가입/해지,608,상담자45,68194,처리 중,4,대전
2024-07-16 18:56:00,Inbound,비용/청구,349,상담자9,81305,처리 중,5,대구
2024-07-09 22:31:00,Inbound,가입/해지,564,상담자15,18987,처리 중,1,서울
2024-07-27 20:52:00,Inbound,기타문의,580,상담자29,52984,처리 중,3,경북
2024-07-26 07:48:00,Inbound,기타문의,106,상담자49,73845,처리 중,2,인천
2024-07-14 04:17:00,Inbound,비용/청구,628,상담자24,68274,보류,5,경남
2024-07-26 16:52:00,Inbound,기타문의,880,상담자22,14192,해결,2,경기
2024-07-27 17:08:00,Outbound,비용/청구,257,상담자31,63829,보류,2,충남
2024-07-05 19:13:00,Inbound,기타문의,656,상담자23,48764,해결,2,충북
2024-07-15 02:11:00,Inbound,상품문의(요금제),619,상담자49,56591,처리 중,2,전남
2024-07-19 06:23:00,Inbound,상품문의(요금제),815,상담자37,86845,처리 중,3,전북
2024-07-21 16:46:00,Inbound,비용/청구,341,상담자18,35316,처리 중,1,대구
2024-07-02 18:03:00,Outbound,AS/장애,174,상담자16,16531,해결,2,인천
2024-07-02 10:15:00,Outbound,상품문의(요금제),125,상담자35,44579,처리 중,3,광주
2024-07-21 03:36:00,Outbound,가입/해지,218,상담자12,13108,해결,5,부산
2024-07-14 03:17:00,Inbound,비용/청구,69,상담자11,18121,해결,5,울산
2024-07-06 19:31:00,Outbound,기타문의,661,상담자11,24389,해결,1,대전
2024-07-17 10:15:00,Inbound,가입/해지,643,상담자25,71989,처리 중,2,충남
2024-07-24 22:10:00,Inbound,가입/해지,615,상담자11,97155,처리 중,2,제주
2024-07-28 08:47:00,Inbound,상품문의(요금제),781,상담자3,27173,보류,2,전북
2024-07-22 18:26:00,Outbound,기타문의,331,상담자22,70060,처리 중,3,대전
2024-07-22 05:38:00,Outbound,기타문의,569,상담자6,78925,처리 중,3,전남
2024-07-25 17:38:00,Inbound,비용/청구,575,상담자21,22367,처리 중,1,경남
2024-07-01 03:20:00,Inbound,비용/청구,707,상담자43,38219,처리 중,5,울산
2024-07-08 20:34:00,Inbound,상품문의(요금제),96,상담자20,30744,보류,4,강원
2024-07-24 14:52:00,Inbound,가입/해지,450,상담자21,63204,보류,2,충남
2024-07-06 17:38:00,Outbound,가입/해지,661,상담자34,99449,보류,5,강원
2024-07-09 12:22:00,Inbound,비용/청구,514,상담자22,25508,처리 중,2,부산
2024-07-16 08:31:00,Inbound,AS/장애,511,상담자25,78518,해결,2,제주
2024-07-22 21:40:00,Outbound,기타문의,262,상담자8,93938,보류,3,충북
2024-07-09 14:13:00,Inbound,비용/청구,474,상담자8,64261,해결,5,부산
2024-07-21 09:57:00,Outbound,비용/청구,481,상담자35,73957,해결,2,제주
2024-07-22 07:43:00,Outbound,비용/청구,764,상담자33,38283,처리 중,5,경기
2024-07-12 19:44:00,Inbound,상품문의(요금제),756,상담자31,22549,해결,3,울산
2024-07-08 22:36:00,Outbound,비용/청구,544,상담자50,69191,해결,4,경북
2024-07-04 02:02:00,Outbound,기타문의,290,상담자3,51412,해결,4,제주
2024-07-28 22:37:00,Inbound,상품문의(요금제),618,상담자40,92963,해결,2,서울
2024-07-05 00:12:00,Outbound,기타문의,434,상담자13,96981,해결,1,경북
2024-07-14 17:18:00,Outbound,기타문의,624,상담자5,25762,보류,2,전북
2024-07-04 22:00:00,Inbound,기타문의,723,상담자31,27177,보류,2,서울
2024-07-19 07:34:00,Outbound,AS/장애,547,상담자25,51677,처리 중,4,인천
2024-07-25 02:10:00,Inbound,기타문의,365,상담자17,87729,처리 중,2,충북
2024-07-23 09:53:00,Outbound,비용/청구,257,상담자46,20338,처리 중,1,제주
2024-07-21 05:06:00,Outbound,AS/장애,365,상담자39,32876,보류,3,인천
2024-07-21 02:53:00,Outbound,상품문의(요금제),408,상담자33,45385,처리 중,2,인천
2024-07-17 04:50:00,Outbound,AS/장애,541,상담자19,20057,해결,3,강원
2024-07-06 15:16:00,Outbound,가입/해지,676,상담자39,54063,보류,4,전남
2024-07-06 23:58:00,Outbound,기타문의,545,상담자26,47861,보류,3,울산
2024-07-04 10:54:00,Inbound,기타문의,666,상담자7,12343,보류,2,전남
2024-07-12 12:39:00,Outbound,기타문의,119,상담자49,56099,해결,2,부산
2024-07-14 09:59:00,Inbound,상품문의(요금제),257,상담자8,49593,보류,4,충남
2024-07-14 09:47:00,Outbound,가입/해지,213,상담자12,56262,보류,1,광주
2024-07-18 23:04:00,Outbound,가입/해지,503,상담자2,95667,처리 중,4,경북
2024-07-05 19:35:00,Inbound,기타문의,135,상담자45,80072,해결,5,전북
2024-07-18 22:30:00,Inbound,기타문의,832,상담자31,46075,처리 중,1,대구
2024-07-06 17:10:00,Inbound,상품문의(요금제),573,상담자9,75612,처리 중,5,대구
2024-07-03 23:01:00,Inbound,상품문의(요금제),533,상담자32,86713,보류,4,경남
2024-07-07 22:40:00,Inbound,상품문의(요금제),821,상담자38,64566,해결,3,제주
2024-07-15 04:59:00,Outbound,기타문의,208,상담자14,33283,처리 중,3,인천
2024-07-25 09:27:00,Outbound,가입/해지,296,상담자37,73170,처리 중,2,경북
2024-07-09 11:02:00,Inbound,상품문의(요금제),211,상담자17,76821,해결,2,경기
2024-07-17 09:38:00,Outbound,기타문의,631,상담자25,54476,해결,1,광주
2024-07-19 10:46:00,Outbound,가입/해지,89,상담자24,17127,해결,3,서울
2024-07-16 23:26:00,Inbound,상품문의(요금제),383,상담자47,43203,보류,3,충남
2024-07-06 19:49:00,Inbound,AS/장애,528,상담자47,61330,해결,4,경남
2024-07-23 19:04:00,Outbound,가입/해지,878,상담자30,48956,해결,3,울산
2024-07-18 23:08:00,Outbound,기타문의,826,상담자15,50469,해결,1,전남
2024-07-24 23:02:00,Outbound,기타문의,859,상담자27,38383,해결,1,전남
2024-07-16 06:59:00,Outbound,AS/장애,550,상담자26,14415,처리 중,3,전북
2024-07-14 21:45:00,Inbound,상품문의(요금제),779,상담자2,13016,처리 중,2,서울
2024-07-18 05:50:00,Inbound,기타문의,715,상담자47,91931,보류,4,대구
